case_id,failure_class,amount,customer_tenure_months,prior_failure_count,payment_method,merchant_category,has_structured_code,true_recoverable,true_would_recover_without_action
938100000000,insufficient_funds,466.24,71,3,card,fitness,1,0,0
938100000001,insufficient_funds,283.57,21,3,netbanking,fitness,1,0,0
938100000002,bank_decline,4434.58,72,5,upi,saas,1,1,1
938100000003,insufficient_funds,699.59,43,4,emandate,ott,1,1,1
938100000004,insufficient_funds,1476.01,46,5,netbanking,ott,1,0,0
938100000005,bank_decline,293.61,41,4,wallet,fitness,1,1,0
938100000006,insufficient_funds,2775.3,17,1,upi,edtech,1,0,0
938100000007,insufficient_funds,1173.58,18,1,emandate,saas,1,1,0
938100000008,expired_card,426.41,16,3,emandate,ott,1,0,0
938100000009,bank_decline,2558.2,70,5,netbanking,edtech,0,1,1
938100000010,bank_decline,863.6,19,3,wallet,ott,1,0,0
938100000011,mandate_cancelled,1230.67,30,3,card,saas,1,0,0
938100000012,insufficient_funds,934.75,6,0,emandate,saas,1,0,0
938100000013,insufficient_funds,1493.38,39,4,netbanking,edtech,1,0,0
938100000014,insufficient_funds,878.64,72,5,upi,saas,0,1,0
938100000015,expired_card,1715.25,11,1,netbanking,ott,1,0,0
938100000016,insufficient_funds,640.75,60,0,netbanking,saas,0,1,0
938100000017,mandate_cancelled,3273.89,42,1,emandate,ott,1,0,0
938100000018,insufficient_funds,212.97,17,4,upi,ecommerce,1,0,0
938100000019,insufficient_funds,333.92,72,4,card,ecommerce,1,0,0
938100000020,bank_decline,3502.6,53,1,upi,edtech,1,0,0
938100000021,mandate_cancelled,2448.68,26,2,wallet,ott,1,0,0
938100000022,expired_card,209.61,33,3,netbanking,fitness,1,0,0
938100000023,insufficient_funds,1577.13,50,3,emandate,ott,1,1,0
938100000024,bank_decline,1010.18,38,2,netbanking,fitness,1,1,1
938100000025,mandate_cancelled,1771.62,12,0,netbanking,ecommerce,1,0,0
938100000026,bank_decline,1579.71,51,0,upi,ecommerce,1,1,0
938100000027,mandate_cancelled,2558.7,42,1,upi,saas,0,0,0
938100000028,insufficient_funds,823.2,42,3,emandate,ecommerce,0,0,0
938100000029,expired_card,903.32,67,1,emandate,edtech,1,0,0
938100000030,mandate_cancelled,617.82,3,0,upi,saas,1,0,0
938100000031,bank_decline,1850.92,72,4,wallet,edtech,1,1,0
938100000032,insufficient_funds,334.19,72,3,card,edtech,1,0,0
938100000033,insufficient_funds,515.05,72,4,card,fitness,1,1,1
938100000034,expired_card,5902.79,12,0,wallet,saas,1,0,0
938100000035,bank_decline,601.95,41,5,upi,saas,1,1,0
938100000036,insufficient_funds,324.9,57,2,card,fitness,1,1,0
938100000037,bank_decline,4147.94,48,3,wallet,fitness,1,1,1
938100000038,expired_card,793.55,48,0,netbanking,ecommerce,0,0,0
938100000039,insufficient_funds,2677.72,69,1,netbanking,ott,1,1,0
938100000040,bank_decline,1335.42,68,5,upi,ecommerce,1,1,0
938100000041,insufficient_funds,803.24,17,1,card,fitness,1,0,0
938100000042,bank_decline,781.52,33,4,card,ecommerce,0,1,1
938100000043,insufficient_funds,1274.53,72,3,wallet,ecommerce,0,0,0
938100000044,insufficient_funds,949.94,44,3,wallet,edtech,1,0,0
938100000045,mandate_cancelled,4842.8,66,1,upi,edtech,1,0,0
938100000046,expired_card,453.39,36,3,netbanking,edtech,1,0,0
938100000047,bank_decline,10191.95,63,4,card,ecommerce,1,1,0
938100000048,expired_card,1459.64,41,0,netbanking,ecommerce,1,0,0
938100000049,expired_card,969.53,42,3,emandate,saas,1,0,0
938100000050,insufficient_funds,536.28,49,0,wallet,saas,1,1,0
938100000051,insufficient_funds,1172.55,31,3,wallet,edtech,1,0,0
938100000052,expired_card,285.68,60,1,emandate,ecommerce,0,0,0
938100000053,expired_card,2840.38,44,1,upi,ott,1,0,0
938100000054,bank_decline,1952.41,25,0,emandate,fitness,1,0,0
938100000055,bank_decline,2674.19,40,5,wallet,saas,0,1,1
938100000056,mandate_cancelled,2901.88,19,2,card,edtech,1,0,0
938100000057,insufficient_funds,704.07,31,5,wallet,fitness,1,0,0
938100000058,bank_decline,1599.88,42,2,netbanking,edtech,1,0,0
938100000059,bank_decline,1258.67,45,0,card,fitness,0,1,1
938100000060,mandate_cancelled,8078.91,24,0,upi,saas,0,0,0
938100000061,insufficient_funds,919.27,46,4,upi,ecommerce,0,0,0
938100000062,insufficient_funds,3415.68,12,0,emandate,ecommerce,1,1,0
938100000063,mandate_cancelled,2466.98,28,1,emandate,ecommerce,0,0,0
938100000064,bank_decline,816.21,9,2,emandate,ott,1,0,0
938100000065,bank_decline,27717.78,72,4,netbanking,ott,1,0,0
938100000066,insufficient_funds,1219.12,31,2,wallet,saas,1,1,0
938100000067,insufficient_funds,1293.32,72,3,netbanking,ott,0,1,0
938100000068,insufficient_funds,977.65,2,0,card,saas,1,1,0
938100000069,insufficient_funds,1144.53,57,3,wallet,saas,0,1,0
938100000070,bank_decline,1773.48,70,5,emandate,ott,1,1,0
938100000071,insufficient_funds,689.71,43,3,card,fitness,0,0,0
938100000072,expired_card,1880.16,25,4,upi,ott,1,0,0
938100000073,insufficient_funds,956.83,72,4,netbanking,saas,1,0,0
938100000074,bank_decline,1830.08,51,5,upi,edtech,1,1,0
938100000075,bank_decline,1270.94,33,5,wallet,ecommerce,1,1,0
938100000076,insufficient_funds,988.71,13,2,netbanking,ott,0,1,1
938100000077,bank_decline,1947.29,64,2,wallet,ecommerce,1,0,0
938100000078,insufficient_funds,781.17,40,4,card,edtech,0,0,0
938100000079,insufficient_funds,649.21,11,1,upi,saas,1,1,0
938100000080,bank_decline,6691.69,52,2,card,edtech,1,0,0
938100000081,insufficient_funds,820.39,41,4,card,edtech,0,0,0
938100000082,bank_decline,1872.08,72,3,wallet,fitness,1,1,0
938100000083,mandate_cancelled,816.59,22,0,netbanking,fitness,0,0,0
938100000084,insufficient_funds,1910.62,15,2,upi,fitness,1,1,0
938100000085,bank_decline,3654.07,54,3,emandate,saas,1,1,1
938100000086,insufficient_funds,1130.4,38,3,wallet,fitness,1,0,0
938100000087,mandate_cancelled,9652.29,72,4,wallet,ott,0,0,0
938100000088,insufficient_funds,893.87,64,3,card,ott,0,0,0
938100000089,bank_decline,4491.07,72,4,netbanking,edtech,1,1,0
938100000090,bank_decline,1981.24,63,3,upi,ecommerce,1,1,1
938100000091,expired_card,564.44,21,1,upi,fitness,1,0,0
938100000092,bank_decline,468.96,72,5,card,ecommerce,0,1,1
938100000093,bank_decline,839.65,72,5,wallet,saas,1,1,0
938100000094,insufficient_funds,1399.96,51,5,netbanking,ecommerce,1,0,0
938100000095,expired_card,5783.63,60,0,wallet,saas,1,0,0
938100000096,insufficient_funds,2325.83,48,0,netbanking,fitness,0,1,0
938100000097,mandate_cancelled,695.51,72,5,netbanking,edtech,0,0,0
938100000098,expired_card,1596.49,37,0,upi,saas,1,0,0
938100000099,insufficient_funds,794.86,72,5,netbanking,ecommerce,0,0,0
938100000100,expired_card,3725.98,51,2,upi,ott,0,0,0
938100000101,expired_card,1172.37,60,0,upi,ecommerce,1,0,0
938100000102,bank_decline,2379.63,38,0,card,saas,1,1,0
938100000103,expired_card,2354.91,37,4,netbanking,fitness,1,0,0
938100000104,bank_decline,934.09,22,0,emandate,saas,1,1,1
938100000105,mandate_cancelled,1235.46,6,1,emandate,ott,1,0,0
938100000106,expired_card,1702.41,72,5,netbanking,edtech,1,1,0
938100000107,expired_card,2256.15,72,4,emandate,edtech,1,0,0
938100000108,insufficient_funds,374.7,40,1,wallet,ecommerce,1,1,0
938100000109,bank_decline,1075.72,28,1,emandate,fitness,1,1,0
938100000110,insufficient_funds,902.55,72,4,emandate,ott,1,1,0
938100000111,insufficient_funds,1126.69,41,3,netbanking,saas,1,0,0
938100000112,mandate_cancelled,1729.29,55,2,emandate,edtech,1,1,1
938100000113,insufficient_funds,10648.59,60,0,emandate,ott,1,1,1
938100000114,insufficient_funds,532.59,72,4,upi,ecommerce,1,0,0
938100000115,mandate_cancelled,6157.98,72,2,netbanking,saas,1,0,0
938100000116,bank_decline,2406.31,1,0,netbanking,fitness,1,1,1
938100000117,expired_card,900.87,3,0,upi,saas,0,0,0
938100000118,expired_card,4252.03,42,3,card,fitness,1,0,0
938100000119,insufficient_funds,1510.85,72,4,wallet,ecommerce,1,1,0
938100000120,mandate_cancelled,560.04,56,2,emandate,edtech,0,1,0
938100000121,expired_card,865.54,60,0,emandate,saas,1,0,0
938100000122,insufficient_funds,1075.77,72,4,emandate,ott,1,0,0
938100000123,bank_decline,12222.57,70,2,emandate,saas,1,1,1
938100000124,bank_decline,662.07,37,0,card,ott,0,0,0
938100000125,bank_decline,616.92,47,0,emandate,saas,1,1,0
938100000126,insufficient_funds,1079.85,52,4,wallet,ecommerce,0,0,0
938100000127,bank_decline,12335.44,50,3,emandate,edtech,1,1,1
938100000128,insufficient_funds,219.63,72,4,wallet,edtech,1,0,0
938100000129,expired_card,2504.61,37,0,upi,ecommerce,0,1,0
938100000130,insufficient_funds,1559.79,72,4,wallet,fitness,1,0,0
938100000131,bank_decline,29439.56,72,5,upi,edtech,1,1,1
938100000132,bank_decline,915.9,4,0,card,ott,0,1,0
938100000133,insufficient_funds,724.51,72,4,netbanking,ecommerce,1,0,0
938100000134,bank_decline,2681.81,72,4,netbanking,edtech,1,1,0
938100000135,mandate_cancelled,1707.62,12,0,netbanking,ecommerce,0,0,0
938100000136,mandate_cancelled,6038.07,60,0,card,fitness,1,0,0
938100000137,bank_decline,1377.07,52,5,emandate,edtech,1,1,0
938100000138,insufficient_funds,498.65,72,4,netbanking,ecommerce,1,1,0
938100000139,mandate_cancelled,438.87,6,0,wallet,saas,1,0,0
938100000140,expired_card,3429.65,19,2,emandate,edtech,1,0,0
938100000141,mandate_cancelled,2546.35,2,0,wallet,saas,1,0,0
938100000142,expired_card,8663.38,45,2,card,fitness,0,0,0
938100000143,mandate_cancelled,3853.41,56,5,upi,ecommerce,1,0,0
938100000144,mandate_cancelled,970.16,44,2,wallet,ott,0,1,0
938100000145,insufficient_funds,284.04,47,5,netbanking,edtech,1,0,0
938100000146,insufficient_funds,350.46,69,4,wallet,ott,1,0,0
938100000147,bank_decline,618.5,40,4,emandate,edtech,0,1,0
938100000148,mandate_cancelled,4110.83,19,1,wallet,fitness,0,0,0
938100000149,bank_decline,5426.99,40,1,wallet,ecommerce,0,1,1
938100000150,insufficient_funds,1484.49,33,4,emandate,saas,0,1,0
938100000151,bank_decline,5231.79,55,1,netbanking,ott,1,1,0
938100000152,insufficient_funds,1425.45,45,0,upi,ecommerce,1,0,0
938100000153,insufficient_funds,1127.73,21,2,upi,fitness,1,1,0
938100000154,bank_decline,470.61,69,3,upi,ott,1,1,0
938100000155,insufficient_funds,4220.57,60,0,wallet,fitness,1,1,0
938100000156,mandate_cancelled,1024.73,21,2,emandate,edtech,1,0,0
938100000157,bank_decline,991.21,34,4,emandate,saas,0,1,0
938100000158,expired_card,2652.87,67,1,emandate,saas,0,1,0
938100000159,mandate_cancelled,3256.34,24,2,card,edtech,1,1,0
938100000160,mandate_cancelled,413.37,29,0,card,ott,1,0,0
938100000161,bank_decline,1675.1,55,3,netbanking,ecommerce,1,0,0
938100000162,mandate_cancelled,2832.94,51,0,upi,ecommerce,0,0,0
938100000163,bank_decline,4306.06,51,3,emandate,saas,0,1,0
938100000164,mandate_cancelled,1462.57,48,0,emandate,fitness,1,0,0
938100000165,insufficient_funds,129.53,13,1,netbanking,ecommerce,1,1,0
938100000166,mandate_cancelled,668.73,21,2,emandate,ott,1,1,0
938100000167,bank_decline,131.44,19,4,upi,ott,1,1,0
938100000168,bank_decline,11579.3,64,2,card,ott,0,1,1
938100000169,mandate_cancelled,3072.68,47,0,upi,edtech,1,0,0
938100000170,mandate_cancelled,1862.16,12,0,netbanking,ott,1,0,0
938100000171,expired_card,1521.54,11,2,wallet,edtech,0,0,0
938100000172,insufficient_funds,1137.21,50,3,wallet,ott,1,0,0
938100000173,insufficient_funds,1467.8,19,2,netbanking,ott,1,1,1
938100000174,expired_card,3211.05,3,0,wallet,fitness,1,0,0
938100000175,mandate_cancelled,491.69,28,4,card,fitness,0,0,0
938100000176,insufficient_funds,472.84,32,3,wallet,saas,0,0,0
938100000177,insufficient_funds,942.06,72,5,upi,saas,0,0,0
938100000178,mandate_cancelled,2517.02,48,0,upi,edtech,1,0,0
938100000179,insufficient_funds,1781.71,36,0,netbanking,ecommerce,0,1,0
938100000180,insufficient_funds,604.66,18,3,netbanking,ott,1,0,0
938100000181,mandate_cancelled,3202.15,18,3,upi,ecommerce,1,0,0
938100000182,insufficient_funds,296.87,72,4,card,saas,1,1,0
938100000183,mandate_cancelled,4826.87,7,1,netbanking,saas,1,0,0
938100000184,expired_card,1079.44,36,1,upi,ecommerce,1,1,0
938100000185,bank_decline,4385.43,68,4,emandate,saas,0,1,0
938100000186,bank_decline,2059.47,68,4,card,ott,1,1,1
938100000187,bank_decline,1853.42,29,3,wallet,fitness,1,1,1
938100000188,bank_decline,197.25,12,0,netbanking,saas,1,0,0
938100000189,bank_decline,612.64,66,5,upi,edtech,0,1,0
938100000190,bank_decline,568.22,34,4,card,fitness,1,1,0
938100000191,insufficient_funds,1045.68,8,1,card,ecommerce,1,1,0
938100000192,bank_decline,1275.63,72,3,wallet,ecommerce,1,1,0
938100000193,insufficient_funds,980.48,7,1,wallet,ott,0,1,0
938100000194,expired_card,3022.77,22,2,upi,ott,1,0,0
938100000195,bank_decline,2146.63,8,1,upi,ott,1,1,1
938100000196,mandate_cancelled,2116.73,21,1,wallet,ecommerce,1,0,0
938100000197,insufficient_funds,874.83,6,0,upi,fitness,1,0,0
938100000198,bank_decline,886.1,19,1,card,fitness,1,0,0
938100000199,insufficient_funds,1582.99,67,3,upi,fitness,1,0,0
938100000200,bank_decline,2750.01,69,1,upi,ott,1,1,0
938100000201,insufficient_funds,1042.07,48,0,card,ott,1,1,0
938100000202,bank_decline,1404.85,13,1,netbanking,ecommerce,1,0,0
938100000203,insufficient_funds,3620.2,21,0,wallet,ott,0,0,0
938100000204,expired_card,819.52,23,3,emandate,fitness,1,0,0
938100000205,insufficient_funds,1137.38,72,3,wallet,fitness,1,0,0
938100000206,bank_decline,861.81,45,0,emandate,ott,0,1,0
938100000207,mandate_cancelled,1732.8,42,0,netbanking,ecommerce,1,0,0
938100000208,bank_decline,421.16,66,5,netbanking,fitness,1,1,1
938100000209,insufficient_funds,1259.7,72,5,emandate,edtech,1,0,0
938100000210,mandate_cancelled,1237.91,72,5,upi,ecommerce,0,0,0
938100000211,expired_card,211.81,30,3,upi,ecommerce,1,0,0
938100000212,mandate_cancelled,876.84,22,0,wallet,saas,0,0,0
938100000213,mandate_cancelled,4705.35,11,1,wallet,ott,1,0,0
938100000214,bank_decline,204.1,72,5,upi,edtech,0,1,0
938100000215,bank_decline,3448.24,72,4,card,ott,1,1,1
938100000216,bank_decline,3538.68,45,3,upi,ecommerce,0,1,1
938100000217,insufficient_funds,203.21,23,3,emandate,fitness,1,0,0
938100000218,mandate_cancelled,983.98,27,0,upi,ott,1,0,0
938100000219,insufficient_funds,871.22,52,3,netbanking,fitness,0,0,0
938100000220,insufficient_funds,365.41,17,4,emandate,saas,0,0,0
938100000221,insufficient_funds,759.22,55,0,card,saas,0,1,0
938100000222,insufficient_funds,730.53,33,5,wallet,edtech,0,1,0
938100000223,insufficient_funds,669.52,51,1,card,ott,1,1,0
938100000224,insufficient_funds,474.0,72,5,netbanking,fitness,1,0,0
938100000225,mandate_cancelled,1924.87,9,2,wallet,ott,1,0,0
938100000226,insufficient_funds,1209.76,25,0,wallet,edtech,1,1,1
938100000227,bank_decline,5861.78,59,3,wallet,ecommerce,1,1,0
938100000228,insufficient_funds,1364.85,42,2,card,ecommerce,1,1,0
938100000229,bank_decline,867.87,48,3,upi,edtech,0,1,1
938100000230,expired_card,1261.17,71,3,wallet,saas,1,0,0
938100000231,expired_card,247.83,69,3,netbanking,fitness,0,1,0
938100000232,expired_card,5052.02,56,1,emandate,ecommerce,0,1,0
938100000233,expired_card,1773.43,12,0,netbanking,fitness,1,0,0
938100000234,expired_card,1218.97,38,1,netbanking,ott,0,0,0
938100000235,mandate_cancelled,1675.86,7,0,netbanking,saas,0,0,0
938100000236,insufficient_funds,1244.66,72,4,emandate,ott,0,0,0
938100000237,expired_card,931.2,15,2,netbanking,saas,1,1,0
938100000238,bank_decline,4003.98,34,2,netbanking,fitness,1,1,0
938100000239,bank_decline,2095.94,22,0,card,saas,1,1,0
938100000240,expired_card,1009.03,36,0,emandate,ecommerce,1,0,0
938100000241,insufficient_funds,458.32,61,5,card,ott,1,0,0
938100000242,expired_card,1113.49,72,2,netbanking,fitness,1,0,0
938100000243,bank_decline,3129.93,69,3,card,ecommerce,0,1,1
938100000244,expired_card,749.81,9,1,emandate,ecommerce,0,0,0
938100000245,insufficient_funds,262.08,3,0,upi,edtech,0,1,1
938100000246,expired_card,1830.36,1,0,card,ecommerce,1,0,0
938100000247,insufficient_funds,996.63,72,3,netbanking,ecommerce,0,1,0
938100000248,mandate_cancelled,1353.64,18,1,emandate,saas,1,0,0
938100000249,bank_decline,6407.57,3,0,emandate,edtech,0,0,0
938100000250,bank_decline,227.03,59,5,netbanking,ott,1,1,1
938100000251,expired_card,764.78,72,5,emandate,ott,0,1,0
938100000252,insufficient_funds,216.38,71,5,card,fitness,1,0,0
938100000253,insufficient_funds,1334.81,45,5,wallet,fitness,1,0,0
938100000254,insufficient_funds,483.23,60,3,card,edtech,1,1,1
938100000255,insufficient_funds,1487.47,72,5,wallet,fitness,0,0,0
938100000256,insufficient_funds,1260.53,22,1,upi,fitness,1,1,0
938100000257,insufficient_funds,205.64,72,3,emandate,saas,1,0,0
938100000258,bank_decline,556.51,28,0,wallet,ott,0,1,0
938100000259,bank_decline,2064.44,24,3,card,saas,1,1,1
938100000260,insufficient_funds,679.55,42,3,wallet,ott,1,0,0
938100000261,expired_card,689.82,35,1,upi,saas,1,0,0
938100000262,mandate_cancelled,924.98,9,1,upi,edtech,0,0,0
938100000263,mandate_cancelled,2470.62,60,4,card,ott,0,1,1
938100000264,bank_decline,613.39,39,3,wallet,edtech,1,1,0
938100000265,mandate_cancelled,616.09,33,1,wallet,fitness,1,0,0
938100000266,insufficient_funds,1156.27,41,3,wallet,ott,0,0,0
938100000267,bank_decline,1518.89,45,3,upi,ecommerce,1,1,1
938100000268,bank_decline,5235.97,33,3,upi,ecommerce,1,1,0
938100000269,insufficient_funds,3479.04,1,0,emandate,ecommerce,1,1,0
938100000270,insufficient_funds,900.92,71,5,card,saas,1,0,0
938100000271,insufficient_funds,757.1,46,4,netbanking,edtech,1,0,0
938100000272,expired_card,4255.09,59,2,upi,ott,0,0,0
938100000273,expired_card,2777.71,65,3,emandate,saas,1,1,0
938100000274,bank_decline,2361.91,68,4,wallet,saas,1,1,0
938100000275,insufficient_funds,1039.43,72,5,upi,ott,1,0,0
938100000276,bank_decline,645.52,41,1,emandate,edtech,1,1,0
938100000277,bank_decline,331.25,12,0,upi,ott,1,1,0
938100000278,bank_decline,11936.04,18,3,upi,ecommerce,1,1,0
938100000279,expired_card,99,24,0,upi,fitness,1,0,0
938100000280,bank_decline,893.66,38,5,card,saas,1,1,0
938100000281,expired_card,976.64,58,1,netbanking,ott,1,0,0
938100000282,insufficient_funds,1309.74,31,4,netbanking,ecommerce,1,0,0
938100000283,insufficient_funds,1067.83,70,2,upi,saas,1,1,0
938100000284,insufficient_funds,1131.36,24,0,upi,saas,1,1,0
938100000285,mandate_cancelled,3139.35,33,3,upi,edtech,0,0,0
938100000286,mandate_cancelled,6061.64,1,0,netbanking,ott,1,0,0
938100000287,bank_decline,2218.95,66,4,upi,ecommerce,0,1,0
938100000288,expired_card,3125.58,34,5,upi,edtech,1,0,0
938100000289,mandate_cancelled,3051.7,1,0,wallet,ott,1,0,0
938100000290,bank_decline,1615.36,23,3,emandate,ecommerce,1,1,0
938100000291,bank_decline,1027.63,65,3,emandate,ott,1,1,1
938100000292,insufficient_funds,195.17,16,3,wallet,edtech,1,1,1
938100000293,expired_card,1291.32,62,2,wallet,ecommerce,0,1,0
938100000294,expired_card,3109.84,3,0,emandate,ott,1,0,0
938100000295,mandate_cancelled,1305.48,54,1,emandate,edtech,1,0,0
938100000296,bank_decline,639.12,61,4,netbanking,fitness,1,1,1
938100000297,expired_card,2011.24,7,1,netbanking,ott,1,0,0
938100000298,expired_card,488.98,14,2,netbanking,fitness,1,0,0
938100000299,expired_card,2953.6,65,2,netbanking,saas,0,0,0
938100000300,expired_card,7742.96,28,0,card,edtech,1,0,0
938100000301,mandate_cancelled,3711.12,26,0,wallet,ecommerce,0,1,0
938100000302,insufficient_funds,856.89,56,5,upi,fitness,1,0,0
938100000303,mandate_cancelled,1144.85,55,1,card,ecommerce,1,0,0
938100000304,expired_card,400.3,11,1,card,saas,0,0,0
938100000305,mandate_cancelled,559.76,1,0,emandate,ecommerce,1,0,0
938100000306,mandate_cancelled,990.57,34,0,emandate,ecommerce,1,1,0
938100000307,bank_decline,174.39,72,5,upi,ott,1,1,0
938100000308,insufficient_funds,1056.21,22,4,netbanking,saas,1,0,0
938100000309,bank_decline,2353.43,42,4,upi,fitness,1,1,1
938100000310,bank_decline,246.18,63,5,upi,edtech,0,1,1
938100000311,bank_decline,4030.43,67,3,wallet,ecommerce,1,1,1
938100000312,mandate_cancelled,394.38,20,1,wallet,ott,1,0,0
938100000313,bank_decline,3619.44,19,3,upi,saas,1,1,0
938100000314,insufficient_funds,720.91,72,4,emandate,fitness,1,0,0
938100000315,insufficient_funds,1545.72,41,5,wallet,edtech,0,0,0
938100000316,bank_decline,1896.96,72,5,upi,fitness,0,1,0
938100000317,expired_card,683.4,30,4,upi,saas,1,0,0
938100000318,insufficient_funds,1093.98,50,2,netbanking,fitness,0,1,0
938100000319,insufficient_funds,1031.18,31,5,upi,fitness,1,0,0
938100000320,insufficient_funds,196.06,32,5,emandate,ecommerce,1,1,0
938100000321,bank_decline,2701.84,26,2,netbanking,ecommerce,1,0,0
938100000322,mandate_cancelled,944.06,72,3,upi,fitness,1,0,0
938100000323,expired_card,1142.21,21,0,emandate,edtech,1,0,0
938100000324,insufficient_funds,633.33,30,3,upi,saas,1,0,0
938100000325,bank_decline,700.6,41,4,wallet,edtech,0,1,0
938100000326,expired_card,353.79,72,4,netbanking,fitness,1,0,0
938100000327,mandate_cancelled,5075.95,1,0,emandate,saas,0,0,0
938100000328,mandate_cancelled,327.99,12,0,netbanking,ott,1,0,0
938100000329,insufficient_funds,3418.8,69,1,card,fitness,1,1,1
938100000330,bank_decline,1736.22,72,4,card,saas,1,1,0
938100000331,insufficient_funds,546.05,72,5,emandate,fitness,1,0,0
938100000332,bank_decline,708.36,37,0,wallet,saas,1,0,0
938100000333,insufficient_funds,2514.21,51,1,netbanking,ott,0,0,0
938100000334,mandate_cancelled,1191.13,64,1,wallet,edtech,1,1,0
938100000335,insufficient_funds,818.26,17,4,netbanking,fitness,1,0,0
938100000336,mandate_cancelled,839.82,5,0,upi,fitness,1,0,0
938100000337,mandate_cancelled,3920.55,36,1,card,fitness,0,0,0
938100000338,insufficient_funds,698.8,39,4,card,saas,1,0,0
938100000339,insufficient_funds,1135.04,72,5,netbanking,saas,1,0,0
938100000340,expired_card,8532.42,4,0,netbanking,saas,1,0,0
938100000341,bank_decline,2004.81,72,3,card,ott,0,0,0
938100000342,insufficient_funds,2098.07,58,0,wallet,edtech,1,1,0
938100000343,mandate_cancelled,1420.96,37,0,card,ott,0,0,0
938100000344,insufficient_funds,1307.04,72,4,card,ecommerce,1,0,0
938100000345,mandate_cancelled,1056.4,58,1,netbanking,fitness,1,0,0
938100000346,bank_decline,401.91,54,5,netbanking,ecommerce,1,1,0
938100000347,expired_card,900.36,44,2,card,ecommerce,0,0,0
938100000348,insufficient_funds,1147.32,25,1,netbanking,saas,1,1,0
938100000349,expired_card,678.22,72,4,netbanking,edtech,1,0,0
938100000350,mandate_cancelled,5113.1,41,0,netbanking,ecommerce,1,0,0
938100000351,mandate_cancelled,1628.78,50,0,emandate,saas,1,1,1
938100000352,insufficient_funds,1011.1,17,4,emandate,saas,0,0,0
938100000353,mandate_cancelled,581.61,6,0,wallet,ecommerce,0,0,0
938100000354,mandate_cancelled,2663.74,48,0,upi,fitness,1,0,0
938100000355,bank_decline,1714.69,19,4,wallet,ott,1,1,0
938100000356,insufficient_funds,5617.06,51,2,card,fitness,1,0,0
938100000357,bank_decline,358.7,46,5,wallet,ecommerce,1,1,0
938100000358,mandate_cancelled,2611.84,3,0,upi,ott,1,0,0
938100000359,insufficient_funds,1195.19,72,5,upi,fitness,1,0,0
938100000360,insufficient_funds,7687.48,1,0,upi,saas,1,0,0
938100000361,bank_decline,3358.46,24,3,wallet,ecommerce,1,1,1
938100000362,expired_card,1108.92,53,3,wallet,ott,1,0,0
938100000363,insufficient_funds,1155.27,23,3,wallet,ott,1,0,0
938100000364,bank_decline,1475.14,42,4,netbanking,ecommerce,1,1,1
938100000365,bank_decline,5241.48,24,2,card,saas,1,1,1
938100000366,bank_decline,1442.17,33,4,wallet,fitness,1,1,0
938100000367,insufficient_funds,302.78,25,0,wallet,ott,1,1,0
938100000368,bank_decline,2029.6,22,4,wallet,edtech,1,1,0
938100000369,expired_card,728.23,72,4,upi,fitness,1,1,0
938100000370,mandate_cancelled,4256.06,12,0,wallet,fitness,1,0,0
938100000371,bank_decline,661.64,48,0,card,edtech,1,0,0
938100000372,expired_card,738.52,72,2,wallet,saas,0,0,0
938100000373,mandate_cancelled,3137.59,24,1,card,fitness,0,1,0
938100000374,bank_decline,2416.91,72,5,emandate,saas,1,0,0
938100000375,insufficient_funds,689.95,69,4,emandate,fitness,0,0,0
938100000376,bank_decline,520.23,65,2,card,saas,1,0,0
938100000377,bank_decline,967.2,44,5,netbanking,ott,1,1,0
938100000378,insufficient_funds,2553.03,40,1,wallet,ecommerce,1,1,0
938100000379,mandate_cancelled,1841.35,60,0,upi,ott,0,1,1
938100000380,expired_card,312.81,41,1,netbanking,ott,1,0,0
938100000381,expired_card,1710.67,72,2,netbanking,edtech,0,0,0
938100000382,mandate_cancelled,469.25,40,2,emandate,saas,1,0,0
938100000383,insufficient_funds,275.78,49,5,upi,edtech,1,0,0
938100000384,bank_decline,886.61,36,0,emandate,saas,1,0,0
938100000385,insufficient_funds,5369.04,37,2,netbanking,edtech,0,1,0
938100000386,mandate_cancelled,582.18,24,0,upi,ott,1,0,0
938100000387,insufficient_funds,2518.7,19,1,wallet,saas,1,1,0
938100000388,mandate_cancelled,3659.3,24,0,netbanking,edtech,0,0,0
938100000389,insufficient_funds,1472.46,26,5,netbanking,ecommerce,1,0,0
938100000390,mandate_cancelled,991.73,6,0,netbanking,ecommerce,1,0,0
938100000391,insufficient_funds,1355.61,22,4,emandate,fitness,1,0,0
938100000392,expired_card,693.28,1,0,wallet,fitness,1,0,0
938100000393,insufficient_funds,906.94,20,0,card,edtech,0,1,0
938100000394,bank_decline,344.24,33,1,upi,ott,1,1,0
938100000395,bank_decline,1669.65,16,0,card,fitness,1,0,0
938100000396,insufficient_funds,1161.99,52,5,card,ott,0,0,0
938100000397,expired_card,5833.9,6,0,card,saas,1,0,0
938100000398,bank_decline,680.91,31,2,wallet,ecommerce,1,1,0
938100000399,insufficient_funds,1586.45,72,5,wallet,edtech,1,0,0
938100000400,mandate_cancelled,1511.22,72,4,card,ecommerce,1,0,0
938100000401,insufficient_funds,2051.99,25,0,card,saas,1,0,0
938100000402,insufficient_funds,5038.46,56,2,wallet,saas,1,0,0
938100000403,insufficient_funds,1266.91,25,2,card,fitness,1,1,0
938100000404,bank_decline,1112.99,49,1,netbanking,ecommerce,0,1,0
938100000405,insufficient_funds,638.85,72,4,netbanking,saas,1,0,0
938100000406,expired_card,4940.85,38,0,emandate,saas,0,0,0
938100000407,insufficient_funds,533.74,43,4,wallet,ott,1,0,0
938100000408,bank_decline,165.16,66,5,netbanking,fitness,0,1,0
938100000409,mandate_cancelled,1474.94,6,0,wallet,ecommerce,0,0,0
938100000410,mandate_cancelled,304.64,60,0,wallet,edtech,1,0,0
938100000411,insufficient_funds,2879.01,12,0,wallet,edtech,1,1,1
938100000412,insufficient_funds,1396.26,46,5,emandate,ecommerce,0,0,0
938100000413,bank_decline,2708.87,27,3,emandate,ecommerce,1,1,1
938100000414,mandate_cancelled,2445.25,25,0,upi,saas,1,0,0
938100000415,bank_decline,703.48,48,0,card,fitness,1,1,0
938100000416,mandate_cancelled,3030.81,66,3,card,fitness,0,1,0
938100000417,insufficient_funds,1261.54,34,4,card,ecommerce,0,0,0
938100000418,bank_decline,7794.33,65,3,netbanking,edtech,1,1,1
938100000419,mandate_cancelled,979.82,17,2,card,saas,1,0,0
938100000420,mandate_cancelled,2419.04,72,3,netbanking,ecommerce,1,0,0
938100000421,expired_card,2719.81,9,1,wallet,ott,1,1,0
938100000422,bank_decline,2690.52,3,0,wallet,saas,1,1,0
938100000423,bank_decline,2279.7,53,0,upi,saas,1,1,0
938100000424,insufficient_funds,1211.02,65,1,wallet,fitness,1,1,0
938100000425,bank_decline,1497.16,55,1,netbanking,ott,0,1,0
938100000426,expired_card,1563.58,63,3,card,ott,1,0,0
938100000427,expired_card,2391.47,25,1,wallet,saas,1,0,0
938100000428,insufficient_funds,1760.37,60,0,upi,saas,1,0,0
938100000429,bank_decline,1625.52,38,0,card,ott,0,1,0
938100000430,mandate_cancelled,1118.17,17,1,wallet,edtech,1,0,0
938100000431,mandate_cancelled,281.41,31,5,emandate,fitness,1,0,0
938100000432,insufficient_funds,1240.96,32,3,card,ecommerce,1,0,0
938100000433,bank_decline,4612.75,60,4,wallet,saas,0,1,0
938100000434,insufficient_funds,1668.02,51,1,wallet,edtech,1,1,1
938100000435,insufficient_funds,1544.3,63,1,wallet,fitness,0,1,1
938100000436,mandate_cancelled,444.63,61,1,netbanking,fitness,0,0,0
938100000437,expired_card,2375.28,24,0,wallet,saas,1,1,0
938100000438,mandate_cancelled,5226.41,36,2,wallet,ecommerce,1,1,0
938100000439,expired_card,1135.55,42,0,upi,saas,1,1,0
938100000440,insufficient_funds,501.06,72,4,wallet,saas,1,0,0
938100000441,expired_card,450.0,48,2,emandate,edtech,1,0,0
938100000442,bank_decline,1297.48,72,5,wallet,saas,1,1,1
938100000443,expired_card,1956.52,54,0,wallet,edtech,0,0,0
938100000444,mandate_cancelled,4702.64,46,3,upi,ott,1,0,0
938100000445,insufficient_funds,2061.12,30,1,card,ecommerce,1,1,1
938100000446,insufficient_funds,300.11,54,3,wallet,edtech,0,0,0
938100000447,insufficient_funds,725.91,13,1,wallet,fitness,1,1,0
938100000448,mandate_cancelled,2566.77,48,0,netbanking,ecommerce,1,0,0
938100000449,bank_decline,556.38,51,0,wallet,fitness,0,1,0
938100000450,mandate_cancelled,759.69,42,1,wallet,saas,1,0,0
938100000451,mandate_cancelled,921.39,33,2,netbanking,ecommerce,0,0,0
938100000452,bank_decline,415.82,72,5,upi,ecommerce,1,1,1
938100000453,expired_card,753.64,24,0,emandate,fitness,1,0,0
938100000454,expired_card,2005.67,36,0,card,edtech,1,1,0
938100000455,bank_decline,1071.73,59,4,emandate,ott,0,1,0
938100000456,insufficient_funds,1274.63,68,2,upi,edtech,1,1,0
938100000457,bank_decline,5452.04,60,0,upi,ott,1,1,1
938100000458,mandate_cancelled,1258.56,33,3,card,fitness,0,0,0
938100000459,bank_decline,3158.2,26,4,netbanking,ott,1,1,1
938100000460,bank_decline,3387.27,72,5,emandate,ott,0,1,0
938100000461,insufficient_funds,6700.03,54,1,netbanking,saas,0,1,1
938100000462,bank_decline,1693.66,4,0,card,saas,1,1,1
938100000463,mandate_cancelled,1938.94,64,4,wallet,ott,1,0,0
938100000464,insufficient_funds,1530.59,36,5,card,fitness,0,0,0
938100000465,expired_card,595.9,58,0,upi,edtech,1,0,0
938100000466,insufficient_funds,16157.36,1,0,emandate,fitness,1,0,0
938100000467,bank_decline,3795.45,56,1,emandate,edtech,1,0,0
938100000468,bank_decline,3794.83,49,3,upi,fitness,0,1,1
938100000469,insufficient_funds,612.49,48,0,netbanking,edtech,1,1,0
938100000470,bank_decline,1024.85,1,0,wallet,fitness,0,1,1
938100000471,insufficient_funds,710.18,53,3,card,saas,1,0,0
938100000472,insufficient_funds,1190.54,53,5,netbanking,saas,1,1,1
938100000473,insufficient_funds,243.84,64,3,card,ott,1,0,0
938100000474,mandate_cancelled,3016.25,2,0,wallet,saas,0,0,0
938100000475,bank_decline,821.4,1,0,wallet,ecommerce,1,1,0
938100000476,mandate_cancelled,3299.94,68,5,card,saas,1,0,0
938100000477,insufficient_funds,492.52,66,3,emandate,fitness,1,0,0
938100000478,bank_decline,1301.95,33,3,card,saas,1,1,0
938100000479,bank_decline,1343.96,51,3,card,ecommerce,1,1,0
938100000480,insufficient_funds,664.67,72,5,emandate,edtech,1,0,0
938100000481,bank_decline,1314.72,31,5,card,fitness,1,1,1
938100000482,mandate_cancelled,592.98,41,1,emandate,ecommerce,0,0,0
938100000483,bank_decline,2589.52,56,3,wallet,ecommerce,0,1,0
938100000484,bank_decline,15108.27,72,3,card,ott,1,1,0
938100000485,insufficient_funds,1291.54,42,4,upi,ecommerce,1,0,0
938100000486,mandate_cancelled,2600.05,68,4,netbanking,ecommerce,1,0,0
938100000487,expired_card,1954.02,12,0,emandate,fitness,0,0,0
938100000488,mandate_cancelled,988.8,58,1,netbanking,fitness,1,0,0
938100000489,mandate_cancelled,3745.07,26,2,wallet,fitness,1,0,0
938100000490,insufficient_funds,803.62,36,5,netbanking,edtech,1,1,1
938100000491,expired_card,601.77,35,0,card,saas,1,1,0
938100000492,insufficient_funds,1783.46,31,2,emandate,ecommerce,1,1,0
938100000493,expired_card,1206.28,26,2,wallet,ott,1,0,0
938100000494,bank_decline,777.59,63,3,upi,fitness,0,1,1
938100000495,bank_decline,2019.24,32,2,upi,ott,0,0,0
938100000496,bank_decline,493.79,21,1,netbanking,fitness,0,1,1
938100000497,mandate_cancelled,957.96,10,1,card,edtech,1,1,0
938100000498,bank_decline,721.03,38,5,wallet,ott,1,1,1
938100000499,insufficient_funds,861.38,48,4,card,saas,1,0,0
938100000500,expired_card,2876.19,27,3,emandate,saas,1,1,0
938100000501,insufficient_funds,324.91,42,4,card,fitness,0,0,0
938100000502,insufficient_funds,1390.73,72,5,card,ecommerce,1,0,0
938100000503,insufficient_funds,329.14,64,4,upi,saas,1,0,0
938100000504,insufficient_funds,1070.08,50,3,card,edtech,1,1,0
938100000505,expired_card,1084.3,3,0,upi,saas,0,0,0
938100000506,insufficient_funds,551.86,20,1,upi,ott,1,1,0
938100000507,bank_decline,629.63,24,0,emandate,edtech,0,1,1
938100000508,insufficient_funds,1568.11,51,5,card,ecommerce,1,0,0
938100000509,bank_decline,726.21,38,5,card,saas,1,1,1
938100000510,insufficient_funds,2901.39,29,0,card,fitness,0,1,0
938100000511,insufficient_funds,2185.82,52,0,netbanking,ott,1,1,0
938100000512,expired_card,315.05,14,0,upi,ott,1,0,0
938100000513,insufficient_funds,265.1,61,4,wallet,ott,1,0,0
938100000514,mandate_cancelled,446.5,65,2,netbanking,fitness,1,0,0
938100000515,bank_decline,1068.44,28,3,wallet,ecommerce,1,1,0
938100000516,bank_decline,7990.24,6,0,wallet,ecommerce,1,1,0
938100000517,expired_card,1998.58,2,0,upi,ecommerce,1,1,0
938100000518,mandate_cancelled,601.69,35,4,emandate,fitness,1,0,0
938100000519,expired_card,4459.66,66,3,upi,edtech,1,0,0
938100000520,bank_decline,2192.58,56,4,card,edtech,1,1,0
938100000521,insufficient_funds,273.36,57,5,card,ecommerce,1,0,0
938100000522,mandate_cancelled,402.16,1,0,emandate,fitness,0,0,0
938100000523,bank_decline,989.52,60,4,netbanking,saas,1,1,0
938100000524,expired_card,2481.49,24,0,wallet,fitness,1,1,0
938100000525,bank_decline,666.42,65,3,card,ecommerce,1,0,0
938100000526,expired_card,854.53,51,4,emandate,fitness,1,0,0
938100000527,bank_decline,1608.38,67,4,card,saas,1,1,0
938100000528,insufficient_funds,924.62,72,5,card,ecommerce,0,0,0
938100000529,mandate_cancelled,5316.42,67,2,netbanking,saas,1,1,0
938100000530,expired_card,344.95,46,2,wallet,ecommerce,0,0,0
938100000531,bank_decline,381.39,34,1,netbanking,ott,0,1,1
938100000532,bank_decline,796.69,72,5,netbanking,ott,0,1,1
938100000533,bank_decline,679.01,60,1,wallet,edtech,1,1,0
938100000534,insufficient_funds,1098.87,31,3,wallet,edtech,1,0,0
938100000535,mandate_cancelled,2065.43,7,0,netbanking,edtech,1,0,0
938100000536,bank_decline,1399.28,41,3,wallet,saas,0,1,1
938100000537,insufficient_funds,1334.95,15,0,emandate,ott,1,1,1
938100000538,insufficient_funds,2468.29,46,2,emandate,edtech,1,1,1
938100000539,expired_card,1098.39,72,2,upi,saas,1,1,1
938100000540,insufficient_funds,1284.85,44,5,wallet,ott,1,0,0
938100000541,bank_decline,233.31,27,3,emandate,ott,1,1,0
938100000542,insufficient_funds,1062.5,21,3,upi,ecommerce,1,0,0
938100000543,bank_decline,390.21,3,0,card,ecommerce,0,0,0
938100000544,insufficient_funds,1340.77,33,3,emandate,ecommerce,0,0,0
938100000545,insufficient_funds,733.25,72,5,netbanking,saas,1,0,0
938100000546,insufficient_funds,755.87,69,5,wallet,ecommerce,0,0,0
938100000547,expired_card,1199.88,6,0,card,saas,0,0,0
938100000548,insufficient_funds,484.06,1,0,emandate,saas,1,0,0
938100000549,mandate_cancelled,1345.67,17,2,upi,ott,1,0,0
938100000550,expired_card,678.88,40,1,card,ecommerce,1,1,0
938100000551,expired_card,1356.63,72,4,netbanking,ott,1,1,0
938100000552,insufficient_funds,831.98,16,3,netbanking,edtech,0,0,0
938100000553,insufficient_funds,342.97,66,4,netbanking,saas,1,0,0
938100000554,expired_card,1448.81,72,5,wallet,fitness,0,1,1
938100000555,bank_decline,1283.44,36,0,wallet,ott,1,1,1
938100000556,mandate_cancelled,2745.01,43,3,card,fitness,1,0,0
938100000557,insufficient_funds,222.94,40,3,netbanking,ott,1,0,0
938100000558,bank_decline,1229.09,72,4,card,saas,1,1,0
938100000559,bank_decline,3370.35,3,0,upi,ecommerce,1,0,0
938100000560,bank_decline,2266.05,64,4,upi,ott,0,0,0
938100000561,bank_decline,955.41,16,2,emandate,ecommerce,0,0,0
938100000562,insufficient_funds,2452.25,7,1,card,fitness,1,0,0
938100000563,expired_card,3040.95,72,5,upi,saas,1,0,0
938100000564,insufficient_funds,321.82,72,4,emandate,ott,1,0,0
938100000565,expired_card,1561.63,53,0,emandate,ecommerce,1,0,0
938100000566,bank_decline,646.86,31,3,netbanking,saas,1,1,0
938100000567,expired_card,820.67,67,2,wallet,ott,1,0,0
938100000568,expired_card,2950.48,6,0,upi,ecommerce,1,0,0
938100000569,insufficient_funds,1237.89,42,4,card,edtech,1,0,0
938100000570,mandate_cancelled,1806.9,32,2,card,fitness,0,0,0
938100000571,bank_decline,1585.72,51,3,emandate,ecommerce,1,1,0
938100000572,insufficient_funds,308.81,72,5,netbanking,ecommerce,1,1,0
938100000573,bank_decline,292.04,44,0,netbanking,ecommerce,0,0,0
938100000574,expired_card,306.03,35,3,wallet,edtech,0,0,0
938100000575,mandate_cancelled,2801.89,6,0,wallet,edtech,1,1,0
938100000576,expired_card,1444.28,43,1,card,fitness,0,0,0
938100000577,expired_card,520.55,9,0,upi,ecommerce,1,0,0
938100000578,expired_card,4838.05,6,0,card,saas,1,0,0
938100000579,insufficient_funds,1227.9,72,3,netbanking,edtech,1,0,0
938100000580,mandate_cancelled,1487.93,1,0,wallet,fitness,0,0,0
938100000581,expired_card,460.46,18,1,upi,fitness,1,0,0
938100000582,bank_decline,5571.62,11,0,card,saas,1,0,0
938100000583,insufficient_funds,195.96,35,3,emandate,fitness,1,1,0
938100000584,expired_card,1481.02,24,0,netbanking,ott,0,0,0
938100000585,mandate_cancelled,285.21,31,0,card,ott,0,1,0
938100000586,expired_card,1729.18,48,1,upi,ecommerce,1,1,0
938100000587,expired_card,160.79,46,1,card,edtech,1,1,0
938100000588,insufficient_funds,1489.96,72,3,emandate,edtech,1,0,0
938100000589,insufficient_funds,2615.98,24,0,card,fitness,0,0,0
938100000590,bank_decline,503.86,72,4,card,ecommerce,1,1,1
938100000591,insufficient_funds,839.99,52,4,card,fitness,1,0,0
938100000592,insufficient_funds,1017.14,14,1,card,ott,0,1,1
938100000593,insufficient_funds,4303.08,48,0,upi,ott,1,1,0
938100000594,mandate_cancelled,1741.7,72,5,emandate,ott,1,1,0
938100000595,insufficient_funds,988.23,22,3,upi,edtech,1,0,0
938100000596,insufficient_funds,1408.12,31,5,wallet,edtech,1,0,0
938100000597,insufficient_funds,1106.09,38,4,netbanking,fitness,0,0,0
938100000598,mandate_cancelled,2252.82,40,0,emandate,fitness,0,0,0
938100000599,insufficient_funds,1287.51,72,3,netbanking,ott,1,0,0
938100000600,insufficient_funds,171.53,24,3,netbanking,fitness,0,0,0
938100000601,bank_decline,4760.79,11,1,upi,edtech,0,1,0
938100000602,insufficient_funds,7275.77,24,0,card,saas,1,1,1
938100000603,bank_decline,367.69,72,4,upi,fitness,0,0,0
938100000604,mandate_cancelled,2460.07,41,0,wallet,fitness,1,0,0
938100000605,bank_decline,2351.9,60,0,wallet,ott,1,0,0
938100000606,mandate_cancelled,2182.28,20,2,netbanking,saas,1,0,0
938100000607,insufficient_funds,669.29,6,0,card,ecommerce,0,0,0
938100000608,bank_decline,9803.83,39,3,emandate,fitness,1,0,0
938100000609,bank_decline,1150.4,53,2,card,edtech,1,0,0
938100000610,insufficient_funds,1239.74,40,1,wallet,ott,1,1,1
938100000611,insufficient_funds,1728.31,46,2,emandate,ott,1,1,0
938100000612,mandate_cancelled,2435.46,56,2,upi,ott,1,0,0
938100000613,insufficient_funds,819.03,25,4,wallet,saas,0,0,0
938100000614,insufficient_funds,961.54,30,1,netbanking,edtech,1,1,0
938100000615,expired_card,11198.18,19,3,card,ott,0,0,0
938100000616,expired_card,542.88,13,3,emandate,edtech,1,0,0
938100000617,insufficient_funds,2799.3,58,0,upi,fitness,1,0,0
938100000618,insufficient_funds,500.69,62,4,upi,saas,1,1,0
938100000619,insufficient_funds,1379.17,72,5,upi,ott,0,0,0
938100000620,bank_decline,1690.56,64,4,card,saas,1,1,0
938100000621,insufficient_funds,789.39,72,4,card,edtech,0,1,0
938100000622,insufficient_funds,957.13,10,1,card,fitness,1,1,0
938100000623,bank_decline,2910.96,37,5,emandate,ecommerce,0,1,0
938100000624,mandate_cancelled,919.94,11,0,wallet,edtech,1,0,0
938100000625,mandate_cancelled,1416.07,60,0,netbanking,ott,1,0,0
938100000626,mandate_cancelled,1447.79,22,0,wallet,ecommerce,1,0,0
938100000627,bank_decline,707.01,39,2,upi,edtech,0,1,1
938100000628,bank_decline,9071.57,34,3,emandate,ott,1,1,0
938100000629,insufficient_funds,2431.07,54,0,card,saas,1,1,1
938100000630,expired_card,289.21,27,1,card,ott,1,1,0
938100000631,insufficient_funds,1532.8,69,4,upi,ott,1,1,1
938100000632,expired_card,291.4,25,0,netbanking,fitness,1,0,0
938100000633,mandate_cancelled,964.41,12,0,emandate,ott,1,1,0
938100000634,mandate_cancelled,970.67,30,1,card,fitness,1,1,0
938100000635,bank_decline,257.09,57,0,emandate,edtech,0,1,0
938100000636,insufficient_funds,890.2,72,4,upi,fitness,1,1,0
938100000637,bank_decline,1541.72,58,2,card,fitness,1,0,0
938100000638,insufficient_funds,1395.86,53,3,wallet,ott,1,1,0
938100000639,mandate_cancelled,329.73,24,0,netbanking,edtech,1,0,0
938100000640,mandate_cancelled,985.36,3,0,emandate,edtech,1,0,0
938100000641,insufficient_funds,641.31,72,5,upi,ecommerce,0,1,0
938100000642,bank_decline,3110.93,49,5,emandate,fitness,0,1,1
938100000643,expired_card,2622.7,60,1,card,saas,1,1,0
938100000644,bank_decline,492.55,6,0,emandate,fitness,1,1,0
938100000645,bank_decline,3223.26,10,1,emandate,edtech,1,0,0
938100000646,bank_decline,460.65,9,0,card,fitness,1,1,0
938100000647,insufficient_funds,2072.96,17,0,netbanking,saas,1,0,0
938100000648,expired_card,2085.98,9,1,netbanking,saas,1,0,0
938100000649,insufficient_funds,953.08,47,1,emandate,saas,1,1,0
938100000650,bank_decline,1530.85,18,0,netbanking,ott,1,1,0
938100000651,bank_decline,213.28,72,4,card,edtech,1,0,0
938100000652,bank_decline,407.95,27,3,emandate,fitness,1,1,1
938100000653,bank_decline,572.84,46,5,card,saas,1,1,0
938100000654,mandate_cancelled,914.94,65,4,upi,fitness,0,1,0
938100000655,insufficient_funds,354.99,32,5,wallet,edtech,0,0,0
938100000656,bank_decline,444.42,48,0,upi,ott,1,1,0
938100000657,bank_decline,2640.0,60,0,emandate,edtech,0,1,0
938100000658,bank_decline,1919.2,72,5,upi,edtech,1,1,0
938100000659,insufficient_funds,1957.64,48,0,emandate,saas,1,1,0
938100000660,bank_decline,2921.04,58,3,card,ecommerce,0,1,1
938100000661,bank_decline,1983.5,35,5,wallet,fitness,1,1,1
938100000662,mandate_cancelled,3442.39,36,0,card,fitness,1,0,0
938100000663,expired_card,653.1,63,1,netbanking,edtech,0,0,0
938100000664,insufficient_funds,3558.13,2,0,emandate,fitness,0,0,0
938100000665,bank_decline,1499.19,39,3,wallet,fitness,0,1,0
938100000666,mandate_cancelled,5466.27,22,1,netbanking,ott,1,0,0
938100000667,bank_decline,1433.99,36,0,upi,fitness,0,1,0
938100000668,mandate_cancelled,1121.79,63,2,emandate,ott,1,0,0
938100000669,insufficient_funds,1051.93,48,0,emandate,fitness,0,1,0
938100000670,insufficient_funds,800.35,56,4,wallet,edtech,1,0,0
938100000671,bank_decline,2299.76,25,3,netbanking,edtech,1,1,0
938100000672,insufficient_funds,562.91,72,5,upi,ott,1,0,0
938100000673,insufficient_funds,1480.57,72,4,card,ott,1,1,0
938100000674,bank_decline,1337.9,12,0,netbanking,fitness,1,1,1
938100000675,mandate_cancelled,592.13,69,3,upi,saas,1,0,0
938100000676,bank_decline,323.46,25,1,netbanking,ott,0,0,0
938100000677,bank_decline,9125.44,27,3,upi,saas,0,1,0
938100000678,bank_decline,949.38,32,1,wallet,fitness,1,0,0
938100000679,mandate_cancelled,1628.04,45,1,netbanking,edtech,0,0,0
938100000680,bank_decline,6055.86,56,5,card,ecommerce,1,1,0
938100000681,insufficient_funds,642.11,40,4,netbanking,edtech,1,0,0
938100000682,mandate_cancelled,426.71,40,0,wallet,saas,0,0,0
938100000683,bank_decline,2377.49,56,3,netbanking,ecommerce,1,1,0
938100000684,insufficient_funds,1439.92,48,0,upi,ott,1,0,0
938100000685,mandate_cancelled,1515.47,17,3,card,saas,0,1,0
938100000686,bank_decline,2536.91,52,3,card,ecommerce,0,1,0
938100000687,bank_decline,6130.72,29,4,emandate,saas,1,1,0
938100000688,insufficient_funds,354.07,47,5,wallet,fitness,0,0,0
938100000689,mandate_cancelled,10076.83,72,3,netbanking,ott,1,0,0
938100000690,expired_card,2423.03,38,5,upi,fitness,0,0,0
938100000691,bank_decline,3312.35,55,1,netbanking,fitness,1,1,0
938100000692,mandate_cancelled,602.84,59,5,upi,ott,1,1,1
938100000693,expired_card,1379.37,3,0,emandate,ott,1,0,0
938100000694,insufficient_funds,518.64,44,4,upi,saas,1,0,0
938100000695,insufficient_funds,551.27,46,3,emandate,edtech,1,0,0
938100000696,expired_card,107.6,10,0,emandate,edtech,1,0,0
938100000697,bank_decline,284.2,68,4,upi,ecommerce,0,1,0
938100000698,insufficient_funds,2805.03,12,0,emandate,fitness,0,1,1
938100000699,bank_decline,1486.78,60,4,netbanking,edtech,1,1,1
938100000700,insufficient_funds,1237.16,72,5,emandate,saas,1,0,0
938100000701,insufficient_funds,1575.92,19,3,emandate,saas,1,0,0
938100000702,insufficient_funds,1120.65,46,5,emandate,ott,0,0,0
938100000703,bank_decline,1645.79,32,2,card,fitness,0,1,1
938100000704,insufficient_funds,1199.93,41,3,upi,ott,1,0,0
938100000705,insufficient_funds,859.82,42,3,netbanking,fitness,1,1,0
938100000706,bank_decline,2018.73,49,5,emandate,ott,1,1,0
938100000707,bank_decline,3424.67,31,5,wallet,edtech,1,1,1
938100000708,bank_decline,2305.38,29,0,wallet,edtech,0,0,0
938100000709,insufficient_funds,1009.55,72,5,upi,ecommerce,0,1,0
938100000710,mandate_cancelled,420.95,1,0,wallet,edtech,1,0,0
938100000711,insufficient_funds,9394.92,12,0,wallet,ott,1,1,0
938100000712,insufficient_funds,1506.07,65,4,netbanking,ecommerce,0,0,0
938100000713,mandate_cancelled,779.61,56,5,card,fitness,1,0,0
938100000714,mandate_cancelled,1272.8,12,0,wallet,ott,1,0,0
938100000715,expired_card,3051.13,3,0,wallet,saas,1,0,0
938100000716,bank_decline,2700.17,33,1,card,fitness,0,1,0
938100000717,bank_decline,2033.49,55,3,emandate,ecommerce,1,1,0
938100000718,insufficient_funds,638.66,33,4,card,fitness,1,0,0
938100000719,bank_decline,503.55,41,3,upi,edtech,1,1,0
938100000720,bank_decline,1654.34,72,4,card,ott,1,1,0
938100000721,insufficient_funds,1096.35,21,4,wallet,saas,0,0,0
938100000722,bank_decline,3025.79,72,3,upi,ecommerce,1,1,1
938100000723,bank_decline,5050.94,72,3,upi,saas,0,1,0
938100000724,bank_decline,472.81,39,1,wallet,ott,1,1,0
938100000725,bank_decline,3340.99,72,2,netbanking,edtech,1,1,0
938100000726,bank_decline,976.11,43,3,card,saas,1,0,0
938100000727,insufficient_funds,2883.68,60,2,netbanking,ecommerce,1,1,0
938100000728,insufficient_funds,3280.91,65,1,emandate,ecommerce,0,1,0
938100000729,bank_decline,1779.93,46,5,emandate,ott,1,1,1
938100000730,bank_decline,646.36,52,2,wallet,ott,1,1,0
938100000731,mandate_cancelled,1480.85,13,1,netbanking,ott,1,1,1
938100000732,mandate_cancelled,474.38,72,3,emandate,saas,0,0,0
938100000733,mandate_cancelled,174.42,21,3,wallet,edtech,0,0,0
938100000734,bank_decline,901.65,51,3,card,edtech,0,1,1
938100000735,bank_decline,973.27,34,3,netbanking,ecommerce,1,1,0
938100000736,bank_decline,4806.98,34,5,upi,saas,0,1,0
938100000737,expired_card,2535.02,17,1,emandate,ecommerce,1,0,0
938100000738,expired_card,1955.84,52,1,upi,ott,1,0,0
938100000739,expired_card,3708.8,72,4,upi,ecommerce,1,0,0
938100000740,expired_card,304.23,13,1,netbanking,ott,1,0,0
938100000741,expired_card,5451.64,12,0,upi,ott,1,0,0
938100000742,bank_decline,1247.37,72,5,emandate,ott,1,1,1
938100000743,expired_card,775.45,68,2,upi,ecommerce,1,0,0
938100000744,insufficient_funds,1246.84,57,4,card,ecommerce,0,1,0
938100000745,expired_card,2479.52,45,1,netbanking,fitness,1,0,0
938100000746,insufficient_funds,377.0,66,3,emandate,edtech,0,0,0
938100000747,insufficient_funds,157.23,59,5,wallet,ecommerce,1,0,0
938100000748,mandate_cancelled,2378.88,14,0,netbanking,edtech,0,0,0
938100000749,insufficient_funds,1541.57,72,5,upi,ecommerce,0,1,0
938100000750,insufficient_funds,11416.16,6,0,netbanking,fitness,1,1,0
938100000751,bank_decline,6833.2,33,3,netbanking,edtech,0,1,0
938100000752,insufficient_funds,545.74,11,2,wallet,saas,0,1,0
938100000753,mandate_cancelled,355.8,63,3,upi,fitness,0,0,0
938100000754,expired_card,790.08,48,2,netbanking,saas,1,0,0
938100000755,expired_card,2024.43,40,4,netbanking,edtech,1,0,0
938100000756,mandate_cancelled,1713.5,23,1,netbanking,ott,1,0,0
938100000757,insufficient_funds,1267.7,27,3,card,saas,0,0,0
938100000758,insufficient_funds,519.42,64,4,wallet,saas,1,0,0
938100000759,expired_card,2128.63,39,3,netbanking,ecommerce,1,1,1
938100000760,bank_decline,2499.52,12,0,upi,edtech,1,0,0
938100000761,insufficient_funds,1369.91,30,3,card,saas,1,0,0
938100000762,expired_card,2039.24,72,4,card,ecommerce,0,0,0
938100000763,expired_card,1027.47,7,1,netbanking,fitness,1,0,0
938100000764,mandate_cancelled,932.91,36,3,wallet,ecommerce,0,0,0
938100000765,mandate_cancelled,3706.64,42,1,upi,fitness,0,0,0
938100000766,bank_decline,2547.91,31,3,emandate,edtech,1,1,1
938100000767,expired_card,4437.0,64,1,netbanking,ecommerce,0,0,0
938100000768,bank_decline,1527.57,32,1,card,fitness,1,0,0
938100000769,mandate_cancelled,5774.96,60,0,wallet,fitness,1,0,0
938100000770,insufficient_funds,1555.44,57,2,emandate,ott,1,1,0
938100000771,bank_decline,4959.25,72,3,emandate,edtech,0,1,1
938100000772,insufficient_funds,2340.86,11,2,upi,ott,1,0,0
938100000773,expired_card,563.56,18,0,netbanking,saas,1,0,0
938100000774,mandate_cancelled,4378.93,66,1,upi,saas,0,0,0
938100000775,bank_decline,6235.44,42,4,upi,fitness,1,1,0
938100000776,bank_decline,2044.01,49,3,netbanking,ecommerce,1,1,1
938100000777,bank_decline,2162.56,32,0,wallet,saas,1,0,0
938100000778,mandate_cancelled,2265.51,12,0,wallet,saas,1,0,0
938100000779,expired_card,1935.09,71,3,card,ecommerce,1,0,0
938100000780,mandate_cancelled,1356.21,54,3,netbanking,ott,1,0,0
938100000781,insufficient_funds,1351.42,72,4,card,edtech,1,0,0
938100000782,mandate_cancelled,946.13,32,0,upi,ott,1,0,0
938100000783,mandate_cancelled,1804.34,12,0,emandate,edtech,0,0,0
938100000784,bank_decline,706.15,72,5,upi,edtech,0,1,0
938100000785,expired_card,3608.94,12,0,upi,edtech,1,0,0
938100000786,expired_card,829.09,72,5,emandate,ecommerce,1,1,0
938100000787,bank_decline,1573.39,46,0,upi,ecommerce,0,1,0
938100000788,insufficient_funds,1826.06,10,1,netbanking,edtech,0,1,0
938100000789,mandate_cancelled,663.44,20,2,netbanking,ecommerce,1,0,0
938100000790,bank_decline,3836.59,31,3,emandate,saas,1,1,0
938100000791,expired_card,7457.73,72,3,wallet,edtech,1,0,0
938100000792,insufficient_funds,477.85,48,4,card,ecommerce,1,0,0
938100000793,expired_card,6768.99,6,0,wallet,ecommerce,1,0,0
938100000794,expired_card,761.96,12,0,upi,fitness,1,0,0
938100000795,insufficient_funds,2949.64,1,0,card,edtech,1,0,0
938100000796,expired_card,1084.78,72,4,emandate,saas,1,1,0
938100000797,insufficient_funds,1621.41,3,0,emandate,fitness,1,0,0
938100000798,mandate_cancelled,4893.31,12,0,card,edtech,1,0,0
938100000799,bank_decline,719.18,72,5,upi,ecommerce,0,1,1
938100000800,bank_decline,1612.85,37,1,card,ott,1,0,0
938100000801,insufficient_funds,1077.57,48,0,upi,ecommerce,0,1,1
938100000802,mandate_cancelled,4364.46,44,4,wallet,edtech,1,0,0
938100000803,bank_decline,1882.07,16,1,card,ott,1,0,0
938100000804,insufficient_funds,3112.73,36,2,wallet,ott,0,1,0
938100000805,insufficient_funds,784.7,64,3,emandate,saas,1,0,0
938100000806,mandate_cancelled,3105.24,6,0,wallet,ott,0,0,0
938100000807,insufficient_funds,5603.31,60,0,upi,ott,1,1,0
938100000808,bank_decline,991.27,42,1,card,fitness,1,1,0
938100000809,insufficient_funds,1452.83,72,5,netbanking,ott,1,0,0
938100000810,bank_decline,446.82,49,5,upi,edtech,1,1,1
938100000811,mandate_cancelled,946.82,42,1,upi,ott,1,0,0
938100000812,expired_card,2029.09,38,2,netbanking,ott,1,1,0
938100000813,mandate_cancelled,1627.25,18,1,emandate,edtech,1,1,0
938100000814,bank_decline,2472.99,50,0,upi,edtech,1,1,1
938100000815,expired_card,5307.73,61,1,card,saas,1,1,0
938100000816,insufficient_funds,640.34,60,3,netbanking,saas,0,1,0
938100000817,bank_decline,1991.19,16,1,card,ott,0,1,1
938100000818,mandate_cancelled,3645.88,62,3,netbanking,saas,1,0,0
938100000819,expired_card,292.74,66,5,card,fitness,0,0,0
938100000820,insufficient_funds,1057.6,9,1,netbanking,ecommerce,1,1,0
938100000821,mandate_cancelled,1742.52,1,0,wallet,edtech,1,0,0
938100000822,insufficient_funds,858.29,54,3,wallet,saas,0,0,0
938100000823,mandate_cancelled,1712.14,3,0,card,saas,0,0,0
938100000824,bank_decline,2194.62,30,0,card,ott,1,1,1
938100000825,insufficient_funds,749.32,12,0,card,edtech,1,1,0
938100000826,insufficient_funds,1380.34,30,3,upi,edtech,1,0,0
938100000827,bank_decline,310.91,69,3,card,edtech,1,1,0
938100000828,bank_decline,7528.88,15,2,emandate,saas,1,0,0
938100000829,bank_decline,1703.92,17,1,wallet,edtech,1,1,0
938100000830,bank_decline,655.39,1,0,wallet,ecommerce,1,0,0
938100000831,insufficient_funds,1473.05,12,0,emandate,ecommerce,1,1,0
938100000832,bank_decline,551.07,35,3,netbanking,ott,1,1,1
938100000833,insufficient_funds,667.3,19,2,upi,ecommerce,1,1,0
938100000834,bank_decline,12157.31,72,3,netbanking,fitness,1,1,0
938100000835,bank_decline,609.68,72,4,emandate,saas,1,1,1
938100000836,bank_decline,1042.7,22,1,netbanking,ott,1,1,0
938100000837,bank_decline,2098.26,38,1,upi,fitness,1,1,0
938100000838,insufficient_funds,185.69,25,4,wallet,saas,1,0,0
938100000839,bank_decline,1863.09,12,0,netbanking,saas,1,1,0
938100000840,insufficient_funds,1165.01,54,2,card,ecommerce,1,1,1
938100000841,insufficient_funds,1238.48,32,5,emandate,saas,1,0,0
938100000842,bank_decline,476.65,39,3,card,ott,1,1,0
938100000843,bank_decline,3318.98,2,0,wallet,fitness,1,1,1
938100000844,bank_decline,3091.08,24,0,emandate,saas,0,1,0
938100000845,mandate_cancelled,650.14,24,0,emandate,fitness,0,1,0
938100000846,mandate_cancelled,2149.3,54,3,netbanking,ecommerce,1,0,0
938100000847,bank_decline,4574.46,35,3,wallet,fitness,0,1,1
938100000848,expired_card,6187.3,15,3,netbanking,saas,1,0,0
938100000849,bank_decline,555.15,32,2,card,saas,1,1,0
938100000850,expired_card,840.35,29,4,wallet,fitness,1,0,0
938100000851,mandate_cancelled,420.23,48,0,upi,saas,1,0,0
938100000852,expired_card,791.18,68,3,upi,ott,1,0,0
938100000853,expired_card,5392.09,56,1,card,fitness,1,0,0
938100000854,bank_decline,2127.56,57,4,netbanking,edtech,0,1,0
938100000855,bank_decline,2228.14,28,1,upi,saas,1,1,0
938100000856,bank_decline,336.78,72,2,wallet,saas,0,1,0
938100000857,mandate_cancelled,284.96,40,2,wallet,fitness,1,1,0
938100000858,bank_decline,4983.5,60,5,emandate,saas,1,1,1
938100000859,insufficient_funds,994.61,9,2,card,saas,1,1,0
938100000860,bank_decline,14602.17,52,4,emandate,saas,1,1,0
938100000861,mandate_cancelled,4568.58,46,2,card,edtech,1,0,0
938100000862,insufficient_funds,1235.87,72,3,wallet,saas,1,0,0
938100000863,insufficient_funds,1160.54,41,3,emandate,saas,1,0,0
938100000864,bank_decline,725.58,57,3,upi,edtech,1,1,1
938100000865,bank_decline,8293.78,57,5,upi,ott,1,1,0
938100000866,bank_decline,1661.51,69,5,wallet,fitness,0,1,1
938100000867,expired_card,439.29,24,4,wallet,fitness,1,0,0
938100000868,expired_card,438.47,24,2,netbanking,saas,1,1,1
938100000869,expired_card,2626.05,56,0,wallet,ott,1,0,0
938100000870,bank_decline,3197.43,56,5,upi,ott,1,1,1
938100000871,insufficient_funds,964.4,7,1,upi,edtech,1,1,0
938100000872,insufficient_funds,1079.67,22,3,wallet,ecommerce,1,0,0
938100000873,insufficient_funds,1564.05,34,4,emandate,saas,1,0,0
938100000874,expired_card,1730.99,41,1,netbanking,fitness,1,0,0
938100000875,mandate_cancelled,2327.22,44,4,netbanking,ott,0,1,0
938100000876,insufficient_funds,1077.89,22,0,emandate,edtech,1,1,0
938100000877,bank_decline,1769.61,62,4,upi,ecommerce,1,1,0
938100000878,insufficient_funds,944.86,66,3,card,edtech,1,1,0
938100000879,bank_decline,1100.92,18,0,emandate,ecommerce,0,1,0
938100000880,expired_card,1445.97,18,0,upi,ott,1,0,0
938100000881,insufficient_funds,367.21,54,5,emandate,edtech,1,0,0
938100000882,mandate_cancelled,329.4,28,1,wallet,fitness,1,0,0
938100000883,bank_decline,323.0,44,4,emandate,ott,1,1,0
938100000884,bank_decline,632.24,72,4,netbanking,ecommerce,1,1,0
938100000885,insufficient_funds,264.0,33,3,upi,ecommerce,1,0,0
938100000886,expired_card,6730.9,3,0,upi,ecommerce,1,0,0
938100000887,insufficient_funds,1253.01,30,3,upi,fitness,0,1,0
938100000888,insufficient_funds,1377.33,41,3,emandate,ecommerce,1,0,0
938100000889,mandate_cancelled,737.0,3,0,wallet,fitness,1,0,0
938100000890,bank_decline,3556.06,55,2,wallet,ott,1,1,0
938100000891,expired_card,1367.83,25,0,upi,edtech,0,1,0
938100000892,bank_decline,861.04,17,0,upi,edtech,1,1,1
938100000893,bank_decline,588.42,56,0,emandate,edtech,1,1,1
938100000894,insufficient_funds,734.35,36,3,wallet,ecommerce,1,0,0
938100000895,expired_card,7254.23,19,2,card,ott,0,0,0
938100000896,bank_decline,1248.66,48,0,upi,ott,1,1,0
938100000897,insufficient_funds,466.91,19,3,wallet,saas,1,0,0
938100000898,bank_decline,3347.34,49,4,netbanking,ecommerce,1,1,1
938100000899,bank_decline,3909.46,42,3,card,fitness,1,1,1
938100000900,insufficient_funds,747.75,18,3,emandate,ecommerce,1,0,0
938100000901,insufficient_funds,984.77,48,0,wallet,edtech,0,1,0
938100000902,insufficient_funds,1449.94,59,3,upi,saas,1,1,0
938100000903,expired_card,700.04,14,2,emandate,saas,0,0,0
938100000904,expired_card,205.65,48,3,emandate,ecommerce,1,0,0
938100000905,mandate_cancelled,3412.02,45,0,netbanking,fitness,1,0,0
938100000906,expired_card,645.75,61,3,card,saas,1,1,0
938100000907,insufficient_funds,1516.68,49,3,emandate,ecommerce,0,0,0
938100000908,bank_decline,564.94,45,3,wallet,ecommerce,1,1,0
938100000909,mandate_cancelled,1148.99,24,3,card,ott,1,0,0
938100000910,expired_card,1067.12,19,2,netbanking,saas,1,0,0
938100000911,mandate_cancelled,2011.51,65,1,card,edtech,0,0,0
938100000912,mandate_cancelled,3798.27,48,0,wallet,edtech,0,0,0
938100000913,insufficient_funds,919.11,72,4,wallet,ott,1,1,1
938100000914,mandate_cancelled,1567.22,31,1,netbanking,fitness,1,0,0
938100000915,insufficient_funds,1143.06,42,4,upi,edtech,1,0,0
938100000916,mandate_cancelled,595.7,24,0,netbanking,saas,0,1,0
938100000917,expired_card,1358.86,49,0,emandate,edtech,1,0,0
938100000918,insufficient_funds,670.12,48,0,emandate,ott,1,1,0
938100000919,mandate_cancelled,2125.74,16,2,card,ott,0,0,0
938100000920,bank_decline,1654.8,24,3,netbanking,ecommerce,1,1,0
938100000921,bank_decline,1806.94,48,3,netbanking,ott,1,1,0
938100000922,insufficient_funds,1188.54,24,0,wallet,saas,0,1,0
938100000923,insufficient_funds,3468.64,55,2,netbanking,ecommerce,1,1,1
938100000924,mandate_cancelled,5216.11,3,0,netbanking,saas,0,0,0
938100000925,insufficient_funds,829.84,50,3,emandate,saas,1,1,0
938100000926,mandate_cancelled,2179.67,51,1,emandate,ott,0,0,0
938100000927,bank_decline,1580.37,63,5,emandate,edtech,0,1,0
938100000928,mandate_cancelled,1236.07,1,0,upi,fitness,1,0,0
938100000929,insufficient_funds,153.09,24,3,card,saas,1,1,0
938100000930,mandate_cancelled,1003.07,42,3,upi,ott,1,0,0
938100000931,insufficient_funds,909.73,69,3,card,ecommerce,1,0,0
938100000932,mandate_cancelled,1338.12,13,1,upi,ecommerce,0,0,0
938100000933,insufficient_funds,837.04,6,0,card,ecommerce,0,1,1
938100000934,bank_decline,5382.89,52,4,upi,edtech,0,1,0
938100000935,insufficient_funds,438.43,52,4,emandate,fitness,1,0,0
938100000936,bank_decline,1061.08,44,4,card,saas,1,1,1
938100000937,expired_card,2281.94,36,0,netbanking,saas,1,0,0
938100000938,bank_decline,1790.73,72,5,emandate,fitness,0,1,0
938100000939,mandate_cancelled,426.62,53,0,emandate,ecommerce,1,0,0
938100000940,mandate_cancelled,2064.74,12,1,upi,ott,0,0,0
938100000941,insufficient_funds,7615.88,18,1,wallet,ott,1,1,1
938100000942,bank_decline,2484.8,11,1,card,edtech,1,1,0
938100000943,expired_card,1664.38,72,4,upi,fitness,0,1,1
938100000944,mandate_cancelled,978.77,60,2,emandate,saas,0,0,0
938100000945,insufficient_funds,460.18,58,1,upi,ott,1,1,0
938100000946,expired_card,1600.94,22,0,upi,ott,1,0,0
938100000947,insufficient_funds,3141.68,19,2,netbanking,edtech,1,0,0
938100000948,insufficient_funds,270.35,57,3,emandate,saas,1,0,0
938100000949,expired_card,641.5,19,2,card,fitness,1,0,0
938100000950,insufficient_funds,260.15,49,3,netbanking,fitness,1,0,0
938100000951,bank_decline,1030.09,47,5,emandate,ecommerce,1,1,1
938100000952,bank_decline,539.49,51,3,emandate,edtech,0,1,1
938100000953,expired_card,9892.36,55,1,emandate,ott,1,1,1
938100000954,insufficient_funds,1922.81,7,1,upi,fitness,0,0,0
938100000955,bank_decline,916.94,37,3,emandate,fitness,1,1,1
938100000956,insufficient_funds,208.17,72,5,wallet,ott,1,0,0
938100000957,bank_decline,4308.11,6,0,netbanking,edtech,0,0,0
938100000958,mandate_cancelled,2602.24,55,1,emandate,fitness,1,1,0
938100000959,insufficient_funds,664.2,72,5,netbanking,fitness,1,0,0
938100000960,insufficient_funds,328.6,54,3,upi,ott,1,0,0
938100000961,expired_card,7462.93,1,0,netbanking,edtech,1,0,0
938100000962,mandate_cancelled,2402.99,11,1,emandate,fitness,0,0,0
938100000963,mandate_cancelled,2338.41,68,3,netbanking,ott,0,0,0
938100000964,expired_card,975.24,23,2,netbanking,saas,1,1,0
938100000965,bank_decline,12259.09,64,4,emandate,fitness,1,1,1
938100000966,insufficient_funds,335.87,33,4,card,saas,0,0,0
938100000967,expired_card,554.81,2,0,upi,saas,0,0,0
938100000968,bank_decline,2162.63,24,3,upi,fitness,1,1,1
938100000969,insufficient_funds,1076.35,55,1,emandate,fitness,1,1,0
938100000970,bank_decline,4064.56,33,4,card,ecommerce,1,1,1
938100000971,mandate_cancelled,4815.95,45,1,wallet,ecommerce,0,0,0
938100000972,bank_decline,828.35,41,0,card,fitness,0,0,0
938100000973,expired_card,4992.5,36,3,card,edtech,1,0,0
938100000974,bank_decline,1035.63,38,4,upi,fitness,1,1,1
938100000975,expired_card,743.87,49,0,emandate,edtech,1,0,0
938100000976,mandate_cancelled,3008.0,28,1,wallet,saas,0,0,0
938100000977,expired_card,3016.3,37,2,emandate,ecommerce,0,0,0
938100000978,expired_card,2521.75,1,0,wallet,saas,0,0,0
938100000979,mandate_cancelled,1653.57,55,0,netbanking,fitness,1,1,0
938100000980,insufficient_funds,683.49,72,5,netbanking,saas,0,1,0
938100000981,mandate_cancelled,9086.19,22,2,wallet,edtech,0,0,0
938100000982,bank_decline,631.1,72,4,upi,ecommerce,1,1,0
938100000983,expired_card,314.53,15,1,card,ott,0,1,0
938100000984,bank_decline,1010.04,42,3,emandate,ecommerce,1,1,0
938100000985,insufficient_funds,1056.91,54,0,wallet,edtech,1,0,0
938100000986,insufficient_funds,297.49,72,3,emandate,edtech,1,0,0
938100000987,bank_decline,309.55,50,3,card,ecommerce,1,1,1
938100000988,mandate_cancelled,1165.58,35,1,wallet,ott,0,0,0
938100000989,bank_decline,725.27,12,0,netbanking,saas,0,0,0
938100000990,mandate_cancelled,318.53,11,1,wallet,edtech,0,0,0
938100000991,bank_decline,1129.71,36,5,upi,fitness,1,1,0
938100000992,bank_decline,553.78,48,5,emandate,edtech,0,1,1
938100000993,expired_card,4966.11,20,1,emandate,edtech,1,0,0
938100000994,insufficient_funds,2329.25,67,1,wallet,fitness,1,1,1
938100000995,expired_card,1575.94,21,0,upi,ecommerce,1,0,0
938100000996,mandate_cancelled,2505.31,46,3,card,saas,1,0,0
938100000997,bank_decline,1828.4,72,5,upi,fitness,0,1,1
938100000998,expired_card,1101.8,41,1,netbanking,ott,1,0,0
938100000999,expired_card,3586.17,18,1,netbanking,fitness,1,1,0
938100001000,expired_card,2888.14,24,0,netbanking,saas,1,0,0
938100001001,insufficient_funds,1777.6,58,0,netbanking,fitness,1,1,1
938100001002,bank_decline,241.07,51,3,wallet,fitness,1,1,0
938100001003,expired_card,346.55,52,0,netbanking,ott,1,0,0
938100001004,bank_decline,449.51,56,1,emandate,fitness,1,1,0
938100001005,expired_card,3476.48,56,2,wallet,fitness,1,0,0
938100001006,insufficient_funds,586.94,72,2,wallet,ecommerce,0,1,0
938100001007,expired_card,3109.29,48,3,upi,saas,0,0,0
938100001008,expired_card,2349.7,36,0,card,ecommerce,1,0,0
938100001009,insufficient_funds,748.67,63,5,upi,ecommerce,0,0,0
938100001010,bank_decline,489.76,52,0,upi,ott,0,0,0
938100001011,bank_decline,1145.98,34,0,emandate,edtech,1,1,0
938100001012,bank_decline,1414.76,58,0,netbanking,fitness,1,1,1
938100001013,insufficient_funds,871.0,48,0,card,edtech,1,1,0
938100001014,mandate_cancelled,1083.83,12,0,emandate,fitness,0,0,0
938100001015,bank_decline,1252.34,16,1,card,ecommerce,1,1,0
938100001016,insufficient_funds,527.41,55,0,wallet,saas,1,1,0
938100001017,insufficient_funds,1035.87,56,4,upi,edtech,1,1,0
938100001018,bank_decline,1608.4,72,5,wallet,ecommerce,1,0,0
938100001019,insufficient_funds,5388.72,50,2,upi,ott,1,1,0
938100001020,bank_decline,1743.31,72,4,netbanking,fitness,1,1,0
938100001021,mandate_cancelled,906.1,33,5,card,fitness,0,0,0
938100001022,bank_decline,1929.55,67,3,emandate,ecommerce,1,1,0
938100001023,insufficient_funds,283.84,43,3,wallet,saas,1,1,0
938100001024,expired_card,2329.51,55,4,card,saas,1,1,0
938100001025,insufficient_funds,1052.94,72,5,card,ecommerce,1,0,0
938100001026,insufficient_funds,1258.09,72,5,card,saas,1,0,0
938100001027,insufficient_funds,2371.76,38,2,netbanking,edtech,0,1,1
938100001028,mandate_cancelled,811.0,70,1,netbanking,fitness,1,0,0
938100001029,insufficient_funds,4675.27,6,0,upi,edtech,1,1,1
938100001030,bank_decline,1879.19,58,1,netbanking,fitness,1,1,0
938100001031,mandate_cancelled,951.92,32,2,wallet,edtech,1,1,0
938100001032,insufficient_funds,1521.31,53,5,card,ott,0,1,1
938100001033,mandate_cancelled,694.06,48,0,card,edtech,1,0,0
938100001034,bank_decline,1380.04,30,3,wallet,saas,1,1,0
938100001035,insufficient_funds,434.2,62,5,wallet,ott,1,1,0
938100001036,bank_decline,12117.88,57,5,upi,edtech,0,1,1
938100001037,insufficient_funds,1140.52,1,0,netbanking,fitness,1,0,0
938100001038,insufficient_funds,1977.59,28,1,emandate,ecommerce,1,1,0
938100001039,insufficient_funds,4427.03,29,1,wallet,ott,1,1,0
938100001040,insufficient_funds,516.0,14,1,wallet,fitness,1,0,0
938100001041,insufficient_funds,1667.86,35,2,card,saas,0,0,0
938100001042,expired_card,409.28,47,5,upi,saas,1,0,0
938100001043,bank_decline,405.38,72,5,emandate,fitness,1,1,1
938100001044,insufficient_funds,1332.03,72,5,emandate,edtech,0,1,0
938100001045,bank_decline,6303.5,52,4,card,ecommerce,1,1,0
938100001046,insufficient_funds,1089.18,21,3,upi,fitness,0,0,0
938100001047,expired_card,7343.62,26,0,card,fitness,1,0,0
938100001048,mandate_cancelled,1933.37,57,3,emandate,fitness,1,0,0
938100001049,mandate_cancelled,1058.95,41,3,wallet,ecommerce,0,0,0
938100001050,expired_card,1643.56,29,1,netbanking,fitness,0,0,0
938100001051,expired_card,890.36,58,5,card,edtech,1,0,0
938100001052,insufficient_funds,1581.33,40,5,upi,ott,0,0,0
938100001053,insufficient_funds,323.03,3,0,upi,ecommerce,0,1,1
938100001054,bank_decline,285.29,51,1,card,edtech,0,1,0
938100001055,mandate_cancelled,411.24,72,2,upi,saas,1,1,0
938100001056,expired_card,8374.64,55,3,wallet,fitness,1,0,0
938100001057,bank_decline,567.44,45,0,card,saas,1,0,0
938100001058,mandate_cancelled,475.39,31,0,card,ott,0,0,0
938100001059,mandate_cancelled,1201.5,17,0,card,saas,1,0,0
938100001060,insufficient_funds,1459.3,69,3,wallet,edtech,1,0,0
938100001061,expired_card,2695.73,64,4,wallet,ecommerce,0,0,0
938100001062,mandate_cancelled,640.02,36,0,card,saas,1,0,0
938100001063,insufficient_funds,804.75,24,3,wallet,ecommerce,1,0,0
938100001064,bank_decline,2835.85,36,5,wallet,saas,1,1,1
938100001065,mandate_cancelled,4116.02,28,5,card,ecommerce,1,0,0
938100001066,expired_card,721.16,24,2,netbanking,ott,0,0,0
938100001067,bank_decline,832.39,36,5,upi,fitness,1,1,0
938100001068,expired_card,920.83,28,0,netbanking,ott,0,1,0
938100001069,bank_decline,5759.21,50,2,upi,ott,1,1,0
938100001070,bank_decline,1291.41,25,0,card,saas,1,0,0
938100001071,mandate_cancelled,2924.79,12,0,emandate,ott,1,0,0
938100001072,insufficient_funds,724.09,60,3,netbanking,fitness,0,0,0
938100001073,mandate_cancelled,1941.85,1,0,card,edtech,1,0,0
938100001074,mandate_cancelled,680.12,42,0,emandate,edtech,0,0,0
938100001075,bank_decline,2025.1,20,1,emandate,ott,0,0,0
938100001076,insufficient_funds,2746.75,39,0,netbanking,ott,0,1,1
938100001077,mandate_cancelled,594.89,60,0,upi,fitness,0,0,0
938100001078,expired_card,820.71,3,0,card,fitness,1,0,0
938100001079,expired_card,3854.54,69,1,emandate,saas,0,0,0
938100001080,insufficient_funds,1289.73,72,5,emandate,ott,1,0,0
938100001081,mandate_cancelled,3529.89,1,0,netbanking,ecommerce,0,0,0
938100001082,expired_card,541.6,3,0,netbanking,saas,1,0,0
938100001083,insufficient_funds,294.93,36,3,emandate,ecommerce,0,0,0
938100001084,bank_decline,1673.08,27,3,upi,edtech,1,1,0
938100001085,bank_decline,2365.69,42,0,emandate,edtech,1,0,0
938100001086,bank_decline,2794.5,21,5,emandate,fitness,1,1,0
938100001087,mandate_cancelled,955.49,72,5,wallet,edtech,1,0,0
938100001088,insufficient_funds,7453.91,7,0,netbanking,saas,1,0,0
938100001089,insufficient_funds,301.7,51,5,netbanking,ecommerce,1,0,0
938100001090,mandate_cancelled,3431.2,10,0,emandate,saas,0,0,0
938100001091,insufficient_funds,1035.6,72,3,netbanking,saas,1,0,0
938100001092,expired_card,1365.96,51,3,wallet,fitness,0,1,0
938100001093,mandate_cancelled,585.68,19,2,card,ecommerce,1,0,0
938100001094,insufficient_funds,2626.5,29,0,wallet,saas,0,1,0
938100001095,mandate_cancelled,4379.59,44,3,upi,fitness,1,0,0
938100001096,bank_decline,2981.35,39,3,emandate,fitness,0,1,0
938100001097,mandate_cancelled,878.48,1,0,upi,ott,1,0,0
938100001098,expired_card,14966.3,48,3,upi,edtech,1,0,0
938100001099,mandate_cancelled,5652.23,24,1,upi,ecommerce,0,0,0
938100001100,insufficient_funds,800.48,72,4,card,ecommerce,0,0,0
938100001101,expired_card,1974.97,29,4,emandate,saas,0,0,0
938100001102,bank_decline,1016.91,27,5,wallet,saas,1,1,1
938100001103,insufficient_funds,1300.93,33,3,card,saas,1,0,0
938100001104,mandate_cancelled,3870.7,36,0,emandate,ecommerce,1,1,0
938100001105,mandate_cancelled,4588.87,46,2,emandate,ecommerce,1,0,0
938100001106,expired_card,2971.66,19,0,netbanking,ott,0,0,0
938100001107,insufficient_funds,1443.16,60,5,netbanking,ott,0,0,0
938100001108,bank_decline,2142.03,53,4,emandate,saas,1,1,0
938100001109,insufficient_funds,1580.48,57,5,card,edtech,1,0,0
938100001110,expired_card,724.62,6,0,upi,edtech,1,0,0
938100001111,bank_decline,778.07,35,2,card,saas,1,0,0
938100001112,bank_decline,5454.33,59,3,upi,saas,1,1,1
938100001113,expired_card,186.13,59,0,emandate,edtech,1,1,0
938100001114,bank_decline,13957.02,33,3,upi,edtech,1,1,0
938100001115,mandate_cancelled,268.39,8,0,upi,edtech,0,1,0
938100001116,bank_decline,1178.03,1,0,card,fitness,1,1,0
938100001117,insufficient_funds,1620.53,17,2,netbanking,ott,1,1,0
938100001118,bank_decline,1511.63,6,0,card,saas,0,1,0
938100001119,bank_decline,871.31,10,1,upi,ott,0,1,0
938100001120,expired_card,1806.51,13,0,upi,saas,1,1,0
938100001121,expired_card,2102.53,16,0,upi,fitness,1,0,0
938100001122,bank_decline,1246.99,42,3,emandate,saas,1,1,1
938100001123,bank_decline,1372.95,52,1,upi,fitness,0,0,0
938100001124,insufficient_funds,2008.01,18,0,card,ott,0,1,0
938100001125,expired_card,751.4,60,3,emandate,fitness,0,1,0
938100001126,mandate_cancelled,1201.81,29,0,upi,ott,1,1,0
938100001127,insufficient_funds,348.43,24,3,netbanking,fitness,1,0,0
938100001128,insufficient_funds,2355.79,11,1,emandate,edtech,1,1,0
938100001129,bank_decline,792.23,37,5,netbanking,saas,1,1,1
938100001130,insufficient_funds,691.47,30,3,netbanking,edtech,0,0,0
938100001131,mandate_cancelled,1077.91,67,2,netbanking,fitness,1,0,0
938100001132,expired_card,476.19,56,1,upi,ecommerce,1,0,0
938100001133,expired_card,562.63,52,4,emandate,ott,1,0,0
938100001134,bank_decline,244.13,39,3,netbanking,ott,1,1,0
938100001135,insufficient_funds,1191.39,60,4,emandate,edtech,1,0,0
938100001136,expired_card,585.07,17,2,card,fitness,1,1,0
938100001137,insufficient_funds,871.68,64,4,upi,ott,0,1,0
938100001138,mandate_cancelled,1385.51,36,3,netbanking,edtech,1,1,0
938100001139,expired_card,1209.15,16,1,netbanking,ecommerce,1,1,0
938100001140,bank_decline,1021.01,18,2,wallet,saas,1,0,0
938100001141,expired_card,3251.1,59,2,emandate,ecommerce,1,0,0
938100001142,bank_decline,944.44,72,5,emandate,ecommerce,0,1,0
938100001143,mandate_cancelled,1796.02,21,1,wallet,ott,0,0,0
938100001144,insufficient_funds,1292.26,33,4,emandate,ott,0,0,0
938100001145,insufficient_funds,3121.58,31,2,card,edtech,1,0,0
938100001146,mandate_cancelled,645.37,55,1,upi,ott,0,0,0
938100001147,mandate_cancelled,2123.74,24,0,upi,ott,0,0,0
938100001148,expired_card,16568.45,20,1,wallet,ott,1,0,0
938100001149,bank_decline,1687.17,55,4,emandate,ecommerce,1,1,0
938100001150,insufficient_funds,2188.89,58,2,wallet,saas,1,1,0
938100001151,mandate_cancelled,995.35,40,4,emandate,ecommerce,1,1,0
938100001152,insufficient_funds,1657.86,50,2,wallet,saas,0,1,0
938100001153,mandate_cancelled,2310.95,6,0,emandate,edtech,1,0,0
938100001154,bank_decline,290.19,72,3,upi,edtech,1,1,0
938100001155,bank_decline,1935.0,22,1,emandate,ecommerce,1,1,0
938100001156,insufficient_funds,1916.71,51,0,card,ott,1,1,0
938100001157,insufficient_funds,1367.15,19,0,wallet,edtech,1,1,0
938100001158,expired_card,845.0,25,0,upi,ecommerce,1,0,0
938100001159,expired_card,1732.61,37,1,wallet,ott,1,0,0
938100001160,bank_decline,1251.09,34,4,card,ecommerce,1,1,1
938100001161,bank_decline,991.82,72,4,netbanking,fitness,1,1,0
938100001162,mandate_cancelled,788.05,55,0,netbanking,edtech,1,1,0
938100001163,bank_decline,1850.57,53,1,netbanking,saas,1,0,0
938100001164,expired_card,3214.39,19,2,emandate,ecommerce,1,0,0
938100001165,expired_card,809.19,1,0,card,ott,0,0,0
938100001166,insufficient_funds,719.94,41,3,emandate,edtech,1,0,0
938100001167,bank_decline,3746.4,45,1,netbanking,ott,1,1,1
938100001168,insufficient_funds,740.13,36,4,upi,saas,0,0,0
938100001169,insufficient_funds,4658.02,27,0,emandate,saas,1,1,0
938100001170,bank_decline,2898.89,10,0,netbanking,saas,1,0,0
938100001171,insufficient_funds,453.21,4,0,wallet,ecommerce,1,1,0
938100001172,mandate_cancelled,485.36,6,0,upi,ott,0,0,0
938100001173,mandate_cancelled,478.28,51,0,wallet,ott,0,0,0
938100001174,insufficient_funds,856.56,30,4,upi,ecommerce,0,0,0
938100001175,expired_card,376.87,72,3,upi,ott,1,1,0
938100001176,mandate_cancelled,2379.5,72,4,wallet,ecommerce,0,0,0
938100001177,bank_decline,493.42,69,1,upi,ecommerce,1,1,1
938100001178,bank_decline,718.16,56,1,upi,edtech,1,1,0
938100001179,insufficient_funds,2260.03,45,1,card,saas,1,0,0
938100001180,bank_decline,852.05,49,2,netbanking,ecommerce,1,1,1
938100001181,insufficient_funds,180.14,36,4,upi,ott,1,0,0
938100001182,insufficient_funds,1461.93,70,3,emandate,fitness,1,1,1
938100001183,bank_decline,2692.45,21,2,wallet,edtech,1,0,0
938100001184,bank_decline,769.66,52,5,netbanking,ott,1,1,1
938100001185,bank_decline,2236.47,36,0,card,saas,1,1,1
938100001186,insufficient_funds,1208.74,58,2,wallet,ott,0,1,1
938100001187,bank_decline,255.34,30,2,card,saas,1,0,0
938100001188,insufficient_funds,312.46,26,5,upi,edtech,1,0,0
938100001189,mandate_cancelled,968.74,1,0,card,saas,0,0,0
938100001190,bank_decline,99,61,4,netbanking,saas,1,1,0
938100001191,mandate_cancelled,731.55,8,1,netbanking,ott,1,0,0
938100001192,insufficient_funds,922.48,57,2,emandate,fitness,0,1,0
938100001193,insufficient_funds,723.64,42,4,netbanking,saas,1,0,0
938100001194,expired_card,1632.57,25,4,emandate,ott,1,1,1
938100001195,bank_decline,1514.9,42,3,upi,ott,0,1,0
938100001196,expired_card,2447.27,72,5,upi,edtech,1,1,0
938100001197,insufficient_funds,1019.73,36,4,emandate,edtech,1,0,0
938100001198,expired_card,6161.31,8,1,upi,saas,1,0,0
938100001199,insufficient_funds,844.95,8,0,emandate,ott,1,1,0
938100001200,mandate_cancelled,2438.8,47,0,wallet,fitness,1,0,0
938100001201,insufficient_funds,544.87,72,5,card,edtech,0,0,0
938100001202,insufficient_funds,445.64,27,0,wallet,saas,1,1,0
938100001203,bank_decline,2073.62,43,3,wallet,edtech,1,1,0
938100001204,insufficient_funds,3696.79,37,2,netbanking,saas,0,0,0
938100001205,expired_card,451.92,41,5,card,saas,0,1,1
938100001206,insufficient_funds,2985.65,65,1,emandate,fitness,1,1,0
938100001207,bank_decline,3989.36,72,4,wallet,saas,1,1,1
938100001208,expired_card,633.5,43,5,emandate,ecommerce,1,0,0
938100001209,insufficient_funds,543.87,1,0,upi,ecommerce,0,1,0
938100001210,insufficient_funds,3248.13,43,1,card,edtech,1,1,0
938100001211,bank_decline,1904.22,18,3,netbanking,edtech,0,1,1
938100001212,bank_decline,4246.04,72,5,wallet,saas,0,1,0
938100001213,insufficient_funds,1077.77,53,5,wallet,edtech,1,0,0
938100001214,bank_decline,1063.79,53,4,upi,ecommerce,1,1,0
938100001215,bank_decline,874.09,53,3,wallet,ecommerce,1,1,0
938100001216,bank_decline,223.42,72,5,card,ecommerce,1,1,1
938100001217,expired_card,1584.66,60,0,upi,edtech,1,0,0
938100001218,insufficient_funds,1541.59,36,2,emandate,saas,1,1,0
938100001219,bank_decline,672.51,45,3,upi,edtech,0,1,0
938100001220,insufficient_funds,435.93,55,1,upi,fitness,0,0,0
938100001221,insufficient_funds,1033.52,52,4,card,saas,1,0,0
938100001222,bank_decline,2939.76,31,5,emandate,ecommerce,0,1,0
938100001223,bank_decline,1163.62,62,4,wallet,ecommerce,1,1,0
938100001224,expired_card,552.82,14,2,emandate,fitness,1,0,0
938100001225,bank_decline,3366.87,25,4,netbanking,saas,0,1,0
938100001226,insufficient_funds,779.34,51,5,card,fitness,1,0,0
938100001227,insufficient_funds,3711.86,40,0,card,edtech,1,1,1
938100001228,expired_card,2417.7,55,4,netbanking,fitness,1,0,0
938100001229,mandate_cancelled,2281.51,56,2,emandate,saas,1,0,0
938100001230,expired_card,1952.16,21,0,emandate,saas,1,1,0
938100001231,bank_decline,227.16,62,4,wallet,saas,1,1,0
938100001232,bank_decline,1014.14,46,5,wallet,saas,1,1,0
938100001233,expired_card,215.39,6,0,netbanking,ott,1,0,0
938100001234,expired_card,2192.62,34,4,upi,ecommerce,1,0,0
938100001235,mandate_cancelled,554.88,11,1,netbanking,edtech,0,0,0
938100001236,insufficient_funds,728.1,20,2,upi,fitness,0,0,0
938100001237,bank_decline,1671.47,44,1,netbanking,fitness,1,0,0
938100001238,bank_decline,1344.11,40,0,netbanking,saas,0,1,0
938100001239,bank_decline,9315.55,52,4,netbanking,saas,1,1,0
938100001240,expired_card,2134.45,67,1,upi,ott,1,0,0
938100001241,mandate_cancelled,849.56,14,1,netbanking,ott,0,0,0
938100001242,insufficient_funds,159.63,72,3,card,saas,1,0,0
938100001243,bank_decline,397.5,54,3,card,ott,1,1,0
938100001244,bank_decline,4573.04,37,2,netbanking,saas,0,1,0
938100001245,mandate_cancelled,685.98,1,0,wallet,ott,1,0,0
938100001246,bank_decline,434.57,27,3,wallet,ott,1,1,1
938100001247,bank_decline,7398.26,24,3,wallet,ott,1,1,0
938100001248,mandate_cancelled,4511.82,12,0,wallet,saas,1,1,0
938100001249,expired_card,450.81,68,2,emandate,saas,1,1,0
938100001250,bank_decline,836.54,49,3,card,ott,1,1,0
938100001251,expired_card,2905.27,36,2,upi,edtech,1,0,0
938100001252,bank_decline,438.49,52,3,emandate,saas,0,1,0
938100001253,insufficient_funds,396.73,61,5,wallet,ecommerce,0,0,0
938100001254,bank_decline,726.5,42,3,card,fitness,1,1,0
938100001255,mandate_cancelled,534.41,48,5,upi,saas,1,1,0
938100001256,mandate_cancelled,4735.83,63,1,upi,ecommerce,1,0,0
938100001257,insufficient_funds,273.27,24,0,card,ott,1,1,0
938100001258,expired_card,855.89,12,0,wallet,ott,1,1,0
938100001259,insufficient_funds,369.94,24,3,wallet,ott,0,0,0
938100001260,bank_decline,1705.1,28,1,upi,saas,1,1,0
938100001261,insufficient_funds,283.17,18,3,netbanking,ecommerce,1,0,0
938100001262,expired_card,129.29,13,0,netbanking,ott,1,0,0
938100001263,bank_decline,1136.51,34,1,card,saas,1,0,0
938100001264,mandate_cancelled,2087.43,47,3,upi,fitness,1,0,0
938100001265,insufficient_funds,1082.33,33,1,netbanking,ott,1,1,1
938100001266,expired_card,6982.29,6,0,emandate,saas,1,0,0
938100001267,bank_decline,269.88,8,0,netbanking,edtech,1,1,0
938100001268,bank_decline,1827.64,72,5,card,ecommerce,0,1,1
938100001269,mandate_cancelled,514.52,72,4,upi,ott,0,0,0
938100001270,insufficient_funds,1307.7,32,5,netbanking,edtech,0,0,0
938100001271,bank_decline,509.56,48,0,wallet,saas,1,1,0
938100001272,bank_decline,3923.76,30,3,netbanking,fitness,1,1,0
938100001273,bank_decline,996.16,24,0,card,ecommerce,0,0,0
938100001274,expired_card,344.36,48,0,netbanking,ecommerce,1,1,0
938100001275,mandate_cancelled,520.33,60,0,wallet,ott,1,1,0
938100001276,mandate_cancelled,8213.44,72,3,netbanking,fitness,0,0,0
938100001277,expired_card,632.99,24,3,upi,ott,0,1,0
938100001278,expired_card,215.29,23,1,emandate,edtech,1,1,1
938100001279,bank_decline,616.76,16,3,netbanking,edtech,0,1,0
938100001280,bank_decline,3103.87,72,5,emandate,ecommerce,1,1,0
938100001281,expired_card,4328.97,25,4,upi,saas,1,0,0
938100001282,mandate_cancelled,517.12,22,3,upi,edtech,1,1,1
938100001283,bank_decline,696.82,72,3,upi,edtech,1,1,0
938100001284,bank_decline,2103.09,24,0,emandate,saas,1,1,0
938100001285,insufficient_funds,1377.88,31,3,wallet,saas,1,0,0
938100001286,bank_decline,655.24,45,1,wallet,ecommerce,0,1,1
938100001287,expired_card,4130.5,47,3,upi,fitness,1,0,0
938100001288,insufficient_funds,1025.04,39,0,netbanking,saas,1,0,0
938100001289,mandate_cancelled,6455.53,24,1,netbanking,fitness,1,0,0
938100001290,expired_card,1365.28,72,4,wallet,saas,1,0,0
938100001291,expired_card,3784.35,58,0,upi,fitness,1,1,0
938100001292,insufficient_funds,747.45,60,0,netbanking,edtech,0,0,0
938100001293,insufficient_funds,706.58,31,3,wallet,fitness,0,0,0
938100001294,insufficient_funds,254.77,65,3,netbanking,edtech,1,1,0
938100001295,bank_decline,1534.15,20,1,wallet,edtech,1,1,0
938100001296,mandate_cancelled,545.84,56,0,wallet,ott,1,0,0
938100001297,expired_card,1570.8,11,1,upi,saas,1,0,0
938100001298,insufficient_funds,755.69,72,5,netbanking,fitness,0,0,0
938100001299,mandate_cancelled,1947.74,68,1,netbanking,ecommerce,1,0,0
938100001300,expired_card,4098.78,17,0,upi,edtech,0,0,0
938100001301,insufficient_funds,715.6,60,0,upi,fitness,0,1,0
938100001302,bank_decline,638.1,50,3,emandate,saas,1,1,1
938100001303,bank_decline,1013.42,65,4,card,saas,1,1,1
938100001304,bank_decline,2608.91,53,5,wallet,edtech,0,1,1
938100001305,expired_card,10246.44,36,0,card,fitness,1,1,0
938100001306,expired_card,1134.38,11,1,emandate,edtech,1,0,0
938100001307,expired_card,348.46,30,1,card,edtech,0,1,1
938100001308,mandate_cancelled,5503.74,72,5,card,ecommerce,0,0,0
938100001309,expired_card,3780.54,12,1,upi,ott,1,1,0
938100001310,mandate_cancelled,2905.43,4,0,netbanking,saas,1,0,0
938100001311,insufficient_funds,506.37,31,3,wallet,ott,1,0,0
938100001312,mandate_cancelled,2273.1,13,1,wallet,ecommerce,0,0,0
938100001313,bank_decline,950.69,36,0,card,fitness,1,1,0
938100001314,insufficient_funds,334.89,28,3,netbanking,edtech,1,1,0
938100001315,expired_card,11449.68,16,1,upi,ecommerce,1,0,0
938100001316,insufficient_funds,418.91,44,2,emandate,saas,1,1,0
938100001317,insufficient_funds,1485.45,34,1,netbanking,fitness,0,1,0
938100001318,bank_decline,1313.61,18,1,card,ott,1,1,1
938100001319,bank_decline,2310.49,32,2,wallet,edtech,1,1,0
938100001320,bank_decline,6929.88,24,0,netbanking,saas,0,1,1
938100001321,insufficient_funds,3444.23,31,2,wallet,ott,1,0,0
938100001322,mandate_cancelled,862.21,51,0,emandate,ott,1,0,0
938100001323,expired_card,168.61,52,1,card,fitness,1,1,0
938100001324,insufficient_funds,3809.72,4,0,upi,fitness,1,1,0
938100001325,insufficient_funds,203.08,25,3,wallet,saas,0,0,0
938100001326,bank_decline,487.39,43,5,upi,ecommerce,1,1,0
938100001327,insufficient_funds,549.51,48,4,card,ott,1,0,0
938100001328,expired_card,811.56,58,1,emandate,saas,0,0,0
938100001329,bank_decline,278.39,57,4,upi,ecommerce,1,1,0
938100001330,insufficient_funds,1253.0,72,4,netbanking,ecommerce,0,0,0
938100001331,bank_decline,2079.09,48,0,card,fitness,1,0,0
938100001332,bank_decline,2335.62,3,0,emandate,saas,0,1,1
938100001333,bank_decline,6471.8,72,3,wallet,saas,1,1,0
938100001334,expired_card,2866.33,72,5,card,ecommerce,1,0,0
938100001335,bank_decline,1539.93,43,4,emandate,edtech,1,1,0
938100001336,bank_decline,1787.53,59,5,wallet,edtech,1,0,0
938100001337,expired_card,559.71,13,1,netbanking,saas,1,0,0
938100001338,bank_decline,1398.47,1,0,netbanking,ott,1,1,0
938100001339,insufficient_funds,977.52,67,3,card,edtech,1,0,0
938100001340,mandate_cancelled,1235.75,64,1,card,edtech,0,0,0
938100001341,insufficient_funds,1168.22,27,3,upi,edtech,1,0,0
938100001342,expired_card,3372.92,48,0,upi,saas,1,0,0
938100001343,bank_decline,455.24,62,5,emandate,ecommerce,0,1,0
938100001344,bank_decline,297.44,72,5,upi,saas,1,1,1
938100001345,bank_decline,2026.0,49,3,card,saas,1,1,0
938100001346,mandate_cancelled,1063.43,33,0,card,saas,1,0,0
938100001347,insufficient_funds,797.15,3,0,wallet,fitness,1,0,0
938100001348,expired_card,1522.42,43,0,emandate,ott,1,0,0
938100001349,insufficient_funds,834.23,72,4,card,fitness,1,0,0
938100001350,insufficient_funds,556.17,42,3,emandate,edtech,1,0,0
938100001351,expired_card,2481.33,10,1,upi,ecommerce,1,1,0
938100001352,bank_decline,1774.62,24,3,card,ott,1,1,1
938100001353,bank_decline,704.14,3,0,emandate,saas,1,0,0
938100001354,mandate_cancelled,882.7,12,0,emandate,fitness,1,0,0
938100001355,insufficient_funds,448.47,6,0,emandate,fitness,1,1,0
938100001356,bank_decline,571.86,63,1,upi,edtech,1,1,0
938100001357,expired_card,2242.34,43,1,upi,fitness,0,1,0
938100001358,mandate_cancelled,1453.71,72,3,wallet,saas,1,1,0
938100001359,insufficient_funds,331.91,52,4,card,saas,1,0,0
938100001360,mandate_cancelled,622.97,13,1,card,ecommerce,0,0,0
938100001361,bank_decline,1274.52,31,0,netbanking,ott,0,1,1
938100001362,bank_decline,565.47,72,5,wallet,fitness,0,1,0
938100001363,expired_card,7424.88,65,3,upi,saas,1,1,0
938100001364,bank_decline,8875.92,71,5,card,ecommerce,1,1,1
938100001365,insufficient_funds,1454.13,48,0,netbanking,saas,1,1,0
938100001366,insufficient_funds,2358.93,48,0,emandate,edtech,1,1,1
938100001367,expired_card,794.85,1,0,emandate,edtech,0,0,0
938100001368,expired_card,428.77,59,4,wallet,saas,0,1,1
938100001369,bank_decline,1763.38,40,4,emandate,saas,1,0,0
938100001370,mandate_cancelled,251.46,72,3,netbanking,ott,1,0,0
938100001371,bank_decline,2420.04,64,3,emandate,ecommerce,0,1,0
938100001372,bank_decline,675.62,12,0,card,ott,1,1,0
938100001373,mandate_cancelled,1213.93,11,2,card,edtech,1,0,0
938100001374,insufficient_funds,828.68,32,5,card,fitness,0,0,0
938100001375,bank_decline,2077.92,27,3,netbanking,ott,1,1,0
938100001376,mandate_cancelled,1139.5,24,0,wallet,ott,1,1,0
938100001377,mandate_cancelled,2502.1,13,2,netbanking,ecommerce,1,0,0
938100001378,mandate_cancelled,1349.29,20,2,card,fitness,1,0,0
938100001379,mandate_cancelled,399.59,72,5,card,ecommerce,1,1,0
938100001380,mandate_cancelled,1729.22,60,0,wallet,fitness,1,0,0
938100001381,bank_decline,1690.75,6,0,wallet,ecommerce,0,1,1
938100001382,insufficient_funds,529.59,26,5,upi,edtech,0,1,0
938100001383,bank_decline,4479.61,6,0,wallet,ecommerce,1,0,0
938100001384,expired_card,923.34,42,1,emandate,saas,1,0,0
938100001385,bank_decline,783.2,34,1,netbanking,ott,1,1,1
938100001386,bank_decline,439.43,48,0,card,ecommerce,1,1,1
938100001387,insufficient_funds,1202.19,33,5,wallet,saas,1,0,0
938100001388,bank_decline,1812.24,32,4,card,edtech,0,1,0
938100001389,expired_card,2261.85,64,1,emandate,fitness,1,0,0
938100001390,expired_card,150.72,33,3,upi,ecommerce,0,1,0
938100001391,mandate_cancelled,623.65,72,5,card,fitness,1,0,0
938100001392,bank_decline,1272.59,66,3,emandate,edtech,1,1,1
938100001393,insufficient_funds,7319.15,33,1,wallet,edtech,0,1,0
938100001394,insufficient_funds,1253.42,33,5,netbanking,ecommerce,1,0,0
938100001395,insufficient_funds,2071.54,46,1,wallet,ecommerce,1,1,0
938100001396,insufficient_funds,2055.52,16,0,upi,ott,1,1,0
938100001397,bank_decline,940.99,69,5,upi,fitness,1,1,1
938100001398,bank_decline,1282.76,24,0,upi,edtech,1,0,0
938100001399,bank_decline,2195.64,1,0,netbanking,edtech,0,0,0
938100001400,insufficient_funds,1000.85,30,4,wallet,fitness,0,0,0
938100001401,insufficient_funds,478.31,21,2,upi,edtech,0,1,0
938100001402,expired_card,458.54,6,0,emandate,saas,1,0,0
938100001403,insufficient_funds,2900.05,60,0,emandate,fitness,0,1,0
938100001404,expired_card,1498.47,60,0,emandate,fitness,1,1,0
938100001405,insufficient_funds,277.38,8,1,netbanking,edtech,1,1,0
938100001406,insufficient_funds,499.33,72,4,emandate,edtech,1,0,0
938100001407,bank_decline,4615.41,31,4,netbanking,ecommerce,1,1,1
938100001408,mandate_cancelled,760.99,3,0,card,edtech,1,0,0
938100001409,expired_card,1160.5,3,0,upi,ecommerce,0,0,0
938100001410,insufficient_funds,1539.54,72,3,card,fitness,1,1,1
938100001411,insufficient_funds,2675.89,64,2,netbanking,fitness,1,1,0
938100001412,bank_decline,681.95,44,1,netbanking,saas,1,1,0
938100001413,bank_decline,489.72,32,0,upi,fitness,1,0,0
938100001414,bank_decline,389.17,52,1,card,ott,0,1,1
938100001415,insufficient_funds,782.78,56,3,netbanking,saas,1,0,0
938100001416,bank_decline,12690.21,11,0,emandate,edtech,1,1,0
938100001417,insufficient_funds,815.37,72,5,netbanking,fitness,1,1,1
938100001418,bank_decline,373.27,36,5,upi,edtech,0,1,1
938100001419,bank_decline,1268.72,72,5,upi,ott,1,1,1
938100001420,mandate_cancelled,257.32,51,3,wallet,saas,1,0,0
938100001421,mandate_cancelled,1032.58,27,0,emandate,fitness,1,0,0
938100001422,mandate_cancelled,1466.08,9,1,netbanking,fitness,0,0,0
938100001423,bank_decline,1231.02,71,3,card,ott,1,1,0
938100001424,bank_decline,4070.86,72,5,upi,saas,1,1,0
938100001425,bank_decline,434.74,72,5,emandate,ott,1,1,0
938100001426,bank_decline,906.93,16,0,emandate,fitness,1,1,1
938100001427,bank_decline,3253.23,13,1,netbanking,saas,1,0,0
938100001428,expired_card,2593.64,34,0,emandate,ecommerce,0,1,1
938100001429,insufficient_funds,717.49,42,0,netbanking,saas,1,1,0
938100001430,bank_decline,8624.89,33,4,wallet,fitness,1,1,0
938100001431,bank_decline,3480.96,35,4,netbanking,saas,1,1,0
938100001432,bank_decline,1906.86,15,2,upi,fitness,0,1,0
938100001433,insufficient_funds,2978.67,36,0,upi,ott,1,0,0
938100001434,mandate_cancelled,744.29,24,0,wallet,ott,1,0,0
938100001435,mandate_cancelled,1028.27,23,0,netbanking,fitness,1,0,0
938100001436,insufficient_funds,1359.32,31,4,card,ott,0,0,0
938100001437,mandate_cancelled,2904.21,45,0,emandate,ott,1,0,0
938100001438,expired_card,3660.11,52,5,wallet,ott,1,0,0
938100001439,mandate_cancelled,658.12,23,5,upi,ecommerce,1,1,0
938100001440,insufficient_funds,3228.71,9,2,wallet,fitness,1,1,0
938100001441,bank_decline,744.72,64,4,wallet,ecommerce,0,1,1
938100001442,mandate_cancelled,1453.33,63,3,emandate,fitness,0,0,0
938100001443,mandate_cancelled,3086.0,72,2,emandate,saas,1,1,0
938100001444,mandate_cancelled,641.27,14,0,upi,fitness,0,0,0
938100001445,insufficient_funds,1352.54,36,5,card,saas,1,0,0
938100001446,bank_decline,489.21,19,3,wallet,edtech,1,1,0
938100001447,insufficient_funds,901.89,18,2,card,ecommerce,1,0,0
938100001448,insufficient_funds,1378.86,3,0,emandate,ecommerce,1,1,0
938100001449,mandate_cancelled,2038.31,53,0,card,ecommerce,0,1,1
938100001450,insufficient_funds,2308.69,36,0,netbanking,ott,1,1,0
938100001451,insufficient_funds,1380.62,30,5,upi,ott,0,0,0
938100001452,insufficient_funds,924.1,71,5,emandate,saas,1,0,0
938100001453,insufficient_funds,590.51,72,5,netbanking,ecommerce,1,0,0
938100001454,insufficient_funds,1072.79,28,3,upi,ecommerce,1,0,0
938100001455,bank_decline,4487.06,44,3,wallet,edtech,0,1,0
938100001456,bank_decline,2129.32,56,4,netbanking,edtech,1,1,0
938100001457,mandate_cancelled,4263.84,67,1,upi,ecommerce,1,0,0
938100001458,bank_decline,1625.7,72,3,netbanking,edtech,1,1,1
938100001459,insufficient_funds,941.8,52,5,wallet,saas,1,0,0
938100001460,bank_decline,1393.27,13,0,upi,edtech,1,1,1
938100001461,insufficient_funds,450.82,72,4,netbanking,edtech,0,0,0
938100001462,bank_decline,830.31,48,0,wallet,ott,0,1,0
938100001463,bank_decline,275.11,48,5,wallet,ecommerce,1,1,0
938100001464,mandate_cancelled,763.88,20,1,wallet,saas,1,1,0
938100001465,mandate_cancelled,1163.67,13,0,netbanking,fitness,0,0,0
938100001466,insufficient_funds,1110.89,33,5,card,saas,0,0,0
938100001467,expired_card,2236.69,10,1,card,ott,1,0,0
938100001468,mandate_cancelled,979.47,60,0,upi,ecommerce,1,0,0
938100001469,insufficient_funds,443.96,60,3,card,fitness,1,0,0
938100001470,insufficient_funds,2097.61,9,1,upi,edtech,0,0,0
938100001471,bank_decline,5371.77,23,5,card,edtech,1,0,0
938100001472,insufficient_funds,1109.4,41,4,wallet,fitness,1,0,0
938100001473,mandate_cancelled,1971.19,11,2,card,edtech,1,0,0
938100001474,expired_card,12740.83,24,0,card,ecommerce,1,0,0
938100001475,bank_decline,5840.98,6,0,wallet,ott,1,0,0
938100001476,bank_decline,866.76,13,3,upi,ecommerce,1,1,1
938100001477,expired_card,3228.83,46,5,card,edtech,1,0,0
938100001478,insufficient_funds,1633.42,12,0,netbanking,saas,1,1,0
938100001479,bank_decline,1779.25,45,3,card,saas,0,1,0
938100001480,insufficient_funds,3552.61,6,0,card,edtech,1,0,0
938100001481,mandate_cancelled,625.16,11,1,netbanking,ott,1,0,0
938100001482,insufficient_funds,1366.85,36,2,upi,fitness,1,1,1
938100001483,bank_decline,570.72,60,2,upi,saas,1,0,0
938100001484,expired_card,3401.98,63,1,netbanking,ecommerce,1,0,0
938100001485,insufficient_funds,1648.87,21,2,upi,fitness,1,1,1
938100001486,insufficient_funds,1352.51,24,0,upi,edtech,1,1,0
938100001487,insufficient_funds,3626.75,13,0,emandate,edtech,1,1,0
938100001488,expired_card,1719.53,52,0,upi,ecommerce,1,0,0
938100001489,bank_decline,403.28,72,4,netbanking,fitness,0,1,1
938100001490,insufficient_funds,2806.05,12,0,emandate,ecommerce,1,0,0
938100001491,mandate_cancelled,1309.23,28,1,emandate,saas,1,0,0
938100001492,expired_card,450.49,8,1,card,ecommerce,1,0,0
938100001493,expired_card,1174.27,36,3,upi,fitness,1,1,0
938100001494,expired_card,1955.18,48,0,upi,ott,1,0,0
938100001495,insufficient_funds,643.08,48,5,netbanking,edtech,1,0,0
938100001496,bank_decline,434.14,35,5,upi,saas,0,1,1
938100001497,bank_decline,404.36,27,3,emandate,saas,0,1,1
938100001498,bank_decline,1922.21,72,4,netbanking,edtech,1,1,1
938100001499,insufficient_funds,635.52,72,5,upi,edtech,1,0,0
938100001500,insufficient_funds,1530.39,19,0,card,ecommerce,0,1,0
938100001501,insufficient_funds,1160.77,72,4,netbanking,edtech,1,0,0
938100001502,insufficient_funds,1311.9,37,5,netbanking,fitness,1,0,0
938100001503,insufficient_funds,694.46,68,2,upi,edtech,1,0,0
938100001504,bank_decline,156.9,39,3,netbanking,edtech,1,1,0
938100001505,insufficient_funds,1056.56,72,5,wallet,fitness,1,0,0
938100001506,bank_decline,521.26,72,5,wallet,ott,1,1,0
938100001507,insufficient_funds,687.68,21,3,upi,ott,1,0,0
938100001508,expired_card,2277.69,61,2,wallet,fitness,1,1,0
938100001509,bank_decline,1178.19,6,0,upi,ott,1,0,0
938100001510,mandate_cancelled,1369.79,42,4,wallet,ott,1,0,0
938100001511,mandate_cancelled,2172.57,8,1,wallet,ecommerce,0,0,0
938100001512,mandate_cancelled,6045.46,52,1,emandate,edtech,1,0,0
938100001513,mandate_cancelled,6322.5,58,0,netbanking,edtech,1,1,0
938100001514,insufficient_funds,488.3,60,0,card,ecommerce,1,1,0
938100001515,mandate_cancelled,3475.0,14,0,card,ecommerce,1,0,0
938100001516,insufficient_funds,426.04,38,4,card,ecommerce,1,0,0
938100001517,insufficient_funds,4345.04,48,0,wallet,edtech,1,1,0
938100001518,insufficient_funds,1169.47,58,4,card,edtech,1,0,0
938100001519,bank_decline,638.92,72,5,upi,ott,1,1,0
938100001520,expired_card,702.88,14,0,emandate,ecommerce,1,0,0
938100001521,expired_card,2396.26,72,5,wallet,ott,1,1,1
938100001522,mandate_cancelled,1785.96,55,1,upi,saas,1,1,0
938100001523,bank_decline,4569.46,40,1,upi,ecommerce,1,1,1
938100001524,insufficient_funds,1676.79,12,0,card,edtech,0,0,0
938100001525,expired_card,595.28,49,5,emandate,edtech,1,1,0
938100001526,insufficient_funds,1132.5,60,4,wallet,edtech,0,0,0
938100001527,bank_decline,2986.29,48,0,emandate,edtech,1,1,0
938100001528,insufficient_funds,433.8,72,3,upi,ott,1,0,0
938100001529,bank_decline,1435.48,47,5,netbanking,saas,0,1,0
938100001530,insufficient_funds,1703.05,36,0,wallet,ecommerce,1,1,1
938100001531,bank_decline,636.64,63,4,emandate,edtech,0,1,1
938100001532,insufficient_funds,1278.86,72,4,wallet,fitness,1,0,0
938100001533,insufficient_funds,221.01,58,3,wallet,saas,1,0,0
938100001534,insufficient_funds,1100.06,39,3,emandate,ott,0,1,0
938100001535,bank_decline,4749.64,70,3,emandate,ott,1,1,0
938100001536,expired_card,2184.5,20,2,upi,edtech,1,0,0
938100001537,expired_card,1316.43,6,0,emandate,ecommerce,0,0,0
938100001538,expired_card,4196.7,27,3,emandate,edtech,1,0,0
938100001539,insufficient_funds,1265.74,18,1,netbanking,saas,0,1,0
938100001540,insufficient_funds,491.71,65,3,netbanking,saas,1,0,0
938100001541,expired_card,1203.67,48,0,card,fitness,1,0,0
938100001542,bank_decline,7463.18,38,4,emandate,saas,1,1,1
938100001543,insufficient_funds,3418.12,44,1,upi,fitness,1,1,0
938100001544,expired_card,823.6,72,4,card,ott,1,0,0
938100001545,bank_decline,3646.17,19,4,emandate,ott,1,1,1
938100001546,expired_card,1394.05,32,1,card,ott,1,1,0
938100001547,insufficient_funds,966.66,29,1,upi,ott,1,1,1
938100001548,insufficient_funds,763.46,72,3,emandate,edtech,1,0,0
938100001549,insufficient_funds,716.38,36,3,emandate,ecommerce,0,0,0
938100001550,mandate_cancelled,2001.61,18,1,netbanking,ecommerce,0,0,0
938100001551,bank_decline,1553.54,72,4,upi,ecommerce,1,1,0
938100001552,expired_card,1534.16,54,0,wallet,edtech,1,1,0
938100001553,mandate_cancelled,891.8,56,2,emandate,ecommerce,0,0,0
938100001554,mandate_cancelled,744.82,1,0,card,saas,1,1,0
938100001555,insufficient_funds,1070.29,56,5,card,ott,1,1,1
938100001556,bank_decline,487.24,31,5,netbanking,ott,0,1,0
938100001557,expired_card,1114.47,72,2,card,saas,1,0,0
938100001558,insufficient_funds,1129.36,71,3,netbanking,saas,1,0,0
938100001559,mandate_cancelled,2117.96,3,0,emandate,saas,1,0,0
938100001560,bank_decline,1375.12,48,4,upi,edtech,1,1,1
938100001561,expired_card,530.61,36,0,upi,edtech,1,1,0
938100001562,bank_decline,412.18,36,1,emandate,ott,1,1,0
938100001563,insufficient_funds,504.09,20,0,emandate,fitness,1,0,0
938100001564,mandate_cancelled,1648.91,8,1,emandate,ecommerce,0,0,0
938100001565,mandate_cancelled,243.87,14,1,netbanking,ott,1,0,0
938100001566,bank_decline,946.39,46,5,upi,ecommerce,1,1,1
938100001567,mandate_cancelled,285.19,31,0,wallet,ott,1,0,0
938100001568,expired_card,433.73,46,1,emandate,saas,0,0,0
938100001569,expired_card,1656.12,12,0,upi,edtech,1,0,0
938100001570,insufficient_funds,2077.33,1,0,emandate,saas,1,1,0
938100001571,insufficient_funds,1825.76,34,0,upi,ecommerce,1,1,1
938100001572,bank_decline,2628.86,38,5,wallet,edtech,1,1,1
938100001573,bank_decline,1354.06,58,3,card,ott,1,1,0
938100001574,insufficient_funds,1209.98,72,5,wallet,fitness,1,1,0
938100001575,mandate_cancelled,3715.54,31,0,emandate,fitness,0,0,0
938100001576,insufficient_funds,161.82,47,4,upi,ecommerce,1,0,0
938100001577,insufficient_funds,4171.09,6,0,netbanking,ecommerce,1,0,0
938100001578,bank_decline,1282.92,59,4,wallet,saas,1,1,0
938100001579,bank_decline,1316.39,65,4,netbanking,edtech,1,1,0
938100001580,bank_decline,2610.9,16,2,card,ecommerce,1,0,0
938100001581,mandate_cancelled,3320.62,8,0,netbanking,ott,1,0,0
938100001582,insufficient_funds,844.34,48,0,wallet,fitness,1,0,0
938100001583,mandate_cancelled,314.12,12,0,card,ecommerce,1,0,0
938100001584,insufficient_funds,555.51,72,5,netbanking,saas,1,0,0
938100001585,insufficient_funds,1638.79,2,0,wallet,saas,0,1,0
938100001586,expired_card,1860.63,66,1,netbanking,ott,0,1,0
938100001587,expired_card,1570.87,36,0,card,edtech,1,1,0
938100001588,expired_card,3759.1,60,0,wallet,saas,1,0,0
938100001589,bank_decline,3635.55,1,0,card,ott,1,1,0
938100001590,bank_decline,6711.89,48,0,card,ott,1,0,0
938100001591,mandate_cancelled,439.94,54,0,netbanking,ecommerce,1,0,0
938100001592,bank_decline,6155.84,52,1,upi,edtech,0,1,0
938100001593,expired_card,2682.45,5,0,card,ecommerce,0,0,0
938100001594,insufficient_funds,978.17,13,3,netbanking,saas,0,0,0
938100001595,mandate_cancelled,937.9,68,1,emandate,saas,1,0,0
938100001596,insufficient_funds,1168.5,60,4,upi,ecommerce,1,0,0
938100001597,insufficient_funds,843.77,49,5,netbanking,saas,0,0,0
938100001598,mandate_cancelled,6610.37,25,2,upi,saas,1,0,0
938100001599,expired_card,991.28,42,0,emandate,ecommerce,1,1,0
938100001600,mandate_cancelled,935.8,38,2,emandate,edtech,1,0,0
938100001601,bank_decline,1374.88,3,0,upi,ecommerce,0,1,1
938100001602,expired_card,697.82,43,0,upi,fitness,1,1,0
938100001603,bank_decline,675.03,16,1,wallet,saas,1,0,0
938100001604,bank_decline,1887.49,12,1,upi,ecommerce,1,1,0
938100001605,insufficient_funds,451.8,67,4,emandate,edtech,1,0,0
938100001606,bank_decline,1729.14,48,4,upi,fitness,1,1,1
938100001607,expired_card,5464.22,36,0,emandate,ecommerce,0,0,0
938100001608,insufficient_funds,997.32,34,1,wallet,edtech,1,1,1
938100001609,mandate_cancelled,1517.08,30,3,emandate,edtech,1,0,0
938100001610,bank_decline,12514.16,24,3,wallet,fitness,1,1,0
938100001611,insufficient_funds,539.47,67,1,wallet,edtech,0,1,0
938100001612,bank_decline,9745.59,49,4,upi,ecommerce,1,0,0
938100001613,expired_card,962.27,46,5,emandate,ott,1,1,0
938100001614,mandate_cancelled,1277.3,48,0,netbanking,edtech,1,0,0
938100001615,mandate_cancelled,6938.54,60,0,emandate,saas,1,0,0
938100001616,insufficient_funds,2056.29,56,0,upi,saas,0,1,0
938100001617,insufficient_funds,909.59,69,5,card,ott,1,1,0
938100001618,mandate_cancelled,1935.68,24,0,emandate,edtech,0,1,0
938100001619,bank_decline,1336.84,72,5,wallet,ecommerce,1,1,0
938100001620,insufficient_funds,1040.28,53,3,emandate,edtech,0,0,0
938100001621,mandate_cancelled,2167.69,70,2,upi,edtech,0,0,0
938100001622,mandate_cancelled,1226.09,66,1,wallet,ecommerce,1,1,0
938100001623,insufficient_funds,1304.44,27,3,netbanking,fitness,1,0,0
938100001624,bank_decline,560.84,54,1,card,saas,1,0,0
938100001625,insufficient_funds,1216.35,68,5,card,saas,1,0,0
938100001626,mandate_cancelled,1367.13,33,1,wallet,fitness,1,0,0
938100001627,bank_decline,2917.85,24,2,netbanking,edtech,1,1,1
938100001628,mandate_cancelled,279.01,45,0,netbanking,saas,1,0,0
938100001629,expired_card,5111.24,3,0,netbanking,edtech,1,0,0
938100001630,bank_decline,874.59,22,0,upi,saas,1,1,0
938100001631,mandate_cancelled,765.78,72,4,wallet,edtech,1,0,0
938100001632,insufficient_funds,432.81,28,4,netbanking,fitness,0,0,0
938100001633,bank_decline,1666.02,52,0,card,ott,0,1,0
938100001634,expired_card,2402.6,72,5,card,fitness,1,0,0
938100001635,insufficient_funds,854.08,56,0,upi,ecommerce,0,1,0
938100001636,insufficient_funds,834.14,32,5,card,saas,1,1,0
938100001637,bank_decline,553.78,16,3,wallet,fitness,1,1,1
938100001638,expired_card,2720.09,42,2,wallet,ott,0,0,0
938100001639,bank_decline,1142.07,69,5,card,fitness,0,1,1
938100001640,mandate_cancelled,2863.02,53,1,netbanking,ott,0,0,0
938100001641,mandate_cancelled,2154.08,58,2,wallet,ott,1,0,0
938100001642,bank_decline,1674.42,19,3,netbanking,edtech,1,1,1
938100001643,insufficient_funds,335.91,58,5,emandate,edtech,0,1,0
938100001644,expired_card,4679.94,28,3,card,ecommerce,1,0,0
938100001645,bank_decline,983.34,72,4,emandate,fitness,1,0,0
938100001646,insufficient_funds,2709.93,36,0,emandate,fitness,0,1,0
938100001647,expired_card,10684.17,1,0,emandate,saas,0,0,0
938100001648,bank_decline,4098.33,72,5,card,ott,1,1,0
938100001649,mandate_cancelled,1042.96,62,2,card,ecommerce,1,0,0
938100001650,insufficient_funds,4887.3,61,1,card,fitness,1,1,0
938100001651,insufficient_funds,642.42,43,1,upi,ecommerce,0,0,0
938100001652,expired_card,686.22,46,0,upi,saas,1,0,0
938100001653,expired_card,263.91,68,1,netbanking,ecommerce,1,0,0
938100001654,insufficient_funds,1060.97,72,4,emandate,edtech,1,0,0
938100001655,mandate_cancelled,1257.62,44,0,card,fitness,1,1,0
938100001656,bank_decline,6880.3,52,4,emandate,edtech,1,1,1
938100001657,mandate_cancelled,2070.71,24,3,netbanking,ott,1,0,0
938100001658,mandate_cancelled,1403.31,39,0,emandate,ecommerce,1,0,0
938100001659,expired_card,1618.24,13,0,upi,edtech,0,0,0
938100001660,mandate_cancelled,1299.23,24,0,upi,edtech,1,0,0
938100001661,expired_card,3279.74,14,2,netbanking,fitness,1,0,0
938100001662,insufficient_funds,1491.78,16,1,netbanking,ecommerce,0,0,0
938100001663,insufficient_funds,464.66,26,4,wallet,edtech,1,0,0
938100001664,bank_decline,3995.1,61,1,card,fitness,1,1,0
938100001665,insufficient_funds,407.05,24,3,upi,fitness,0,0,0
938100001666,bank_decline,491.43,3,0,netbanking,ott,1,1,0
938100001667,insufficient_funds,1526.67,33,3,card,ecommerce,1,0,0
938100001668,expired_card,733.88,54,2,netbanking,fitness,0,0,0
938100001669,bank_decline,908.81,36,0,wallet,ecommerce,1,1,0
938100001670,bank_decline,4482.08,53,3,emandate,ecommerce,1,1,1
938100001671,bank_decline,1852.11,50,0,upi,ott,1,1,0
938100001672,insufficient_funds,1569.63,72,3,wallet,ott,0,0,0
938100001673,bank_decline,1946.56,48,0,wallet,ecommerce,1,0,0
938100001674,insufficient_funds,2736.23,30,0,emandate,edtech,0,1,1
938100001675,mandate_cancelled,2138.37,16,0,wallet,edtech,1,0,0
938100001676,mandate_cancelled,1588.99,45,1,wallet,ott,1,1,0
938100001677,expired_card,441.79,17,2,upi,edtech,1,0,0
938100001678,expired_card,3830.18,72,4,card,saas,0,0,0
938100001679,bank_decline,414.87,72,3,emandate,ecommerce,0,0,0
938100001680,expired_card,6382.96,7,1,upi,saas,1,0,0
938100001681,expired_card,2575.41,43,1,emandate,ecommerce,1,0,0
938100001682,insufficient_funds,564.58,36,4,emandate,saas,0,0,0
938100001683,bank_decline,1917.59,30,3,emandate,ecommerce,0,1,0
938100001684,insufficient_funds,235.57,27,3,upi,edtech,1,0,0
938100001685,bank_decline,1032.27,68,2,emandate,ott,0,1,0
938100001686,bank_decline,693.38,24,3,emandate,edtech,1,1,1
938100001687,insufficient_funds,582.14,72,4,card,edtech,1,0,0
938100001688,insufficient_funds,636.96,72,5,emandate,edtech,1,0,0
938100001689,bank_decline,5459.98,48,0,netbanking,ott,1,1,0
938100001690,insufficient_funds,1215.44,16,3,emandate,fitness,1,0,0
938100001691,bank_decline,2768.36,49,0,card,saas,1,1,0
938100001692,expired_card,2439.1,31,1,card,saas,0,1,0
938100001693,insufficient_funds,1500.94,72,5,emandate,edtech,1,1,0
938100001694,insufficient_funds,1469.52,72,4,card,ecommerce,1,1,0
938100001695,bank_decline,3816.03,72,5,card,saas,1,1,0
938100001696,mandate_cancelled,3363.46,60,2,card,edtech,0,0,0
938100001697,expired_card,4709.88,72,2,netbanking,fitness,1,0,0
938100001698,mandate_cancelled,1158.67,64,5,netbanking,ott,1,0,0
938100001699,bank_decline,99,37,1,netbanking,edtech,1,0,0
938100001700,bank_decline,981.79,15,1,netbanking,ecommerce,0,0,0
938100001701,mandate_cancelled,3471.56,52,1,emandate,ott,0,0,0
938100001702,insufficient_funds,5998.75,35,1,wallet,edtech,1,1,0
938100001703,bank_decline,436.31,57,0,card,ott,1,1,0
938100001704,insufficient_funds,778.53,24,1,card,ott,1,1,0
938100001705,expired_card,1166.72,49,3,netbanking,edtech,1,1,1
938100001706,insufficient_funds,1350.47,20,4,emandate,edtech,0,0,0
938100001707,mandate_cancelled,1549.52,54,3,wallet,edtech,0,0,0
938100001708,mandate_cancelled,4800.65,36,1,card,ott,1,0,0
938100001709,bank_decline,2548.15,71,5,emandate,edtech,1,1,0
938100001710,mandate_cancelled,1033.22,24,0,card,edtech,0,0,0
938100001711,mandate_cancelled,331.15,35,1,card,ott,0,0,0
938100001712,mandate_cancelled,588.13,32,0,upi,saas,1,0,0
938100001713,mandate_cancelled,2839.71,6,0,upi,saas,1,1,0
938100001714,mandate_cancelled,503.51,52,0,wallet,ott,0,0,0
938100001715,insufficient_funds,537.71,30,4,netbanking,fitness,0,1,0
938100001716,mandate_cancelled,335.56,69,1,emandate,ott,1,0,0
938100001717,insufficient_funds,3231.72,54,0,emandate,ecommerce,1,1,0
938100001718,bank_decline,1977.53,42,3,upi,saas,0,1,0
938100001719,expired_card,1723.23,53,0,emandate,saas,1,0,0
938100001720,insufficient_funds,2344.37,72,2,wallet,edtech,1,1,0
938100001721,expired_card,4928.44,65,1,card,ecommerce,0,1,0
938100001722,mandate_cancelled,2828.66,1,0,card,ecommerce,1,0,0
938100001723,insufficient_funds,566.86,71,5,wallet,ott,1,0,0
938100001724,expired_card,1738.8,15,0,card,saas,1,0,0
938100001725,mandate_cancelled,797.17,24,0,card,saas,1,0,0
938100001726,mandate_cancelled,2580.82,24,0,upi,ecommerce,1,0,0
938100001727,expired_card,602.38,51,5,netbanking,edtech,0,1,0
938100001728,insufficient_funds,762.71,45,1,netbanking,ecommerce,1,1,1
938100001729,expired_card,1093.7,20,2,card,edtech,1,0,0
938100001730,insufficient_funds,1956.86,21,1,upi,fitness,0,1,1
938100001731,bank_decline,791.34,58,0,upi,saas,1,1,1
938100001732,insufficient_funds,2729.8,36,0,upi,ecommerce,1,1,1
938100001733,mandate_cancelled,1645.33,42,1,netbanking,saas,1,0,0
938100001734,mandate_cancelled,290.16,38,2,netbanking,saas,1,0,0
938100001735,mandate_cancelled,1159.66,12,0,upi,ecommerce,1,0,0
938100001736,expired_card,11997.3,14,1,wallet,saas,0,0,0
938100001737,expired_card,2291.21,52,1,emandate,ecommerce,0,1,1
938100001738,mandate_cancelled,1049.03,25,1,wallet,fitness,0,0,0
938100001739,insufficient_funds,2990.8,1,0,card,ott,1,0,0
938100001740,bank_decline,4918.32,34,1,upi,fitness,1,0,0
938100001741,bank_decline,502.77,68,1,emandate,edtech,1,1,0
938100001742,insufficient_funds,1335.51,15,1,emandate,saas,1,1,0
938100001743,insufficient_funds,1024.91,42,5,emandate,fitness,1,0,0
938100001744,insufficient_funds,967.8,72,5,emandate,fitness,0,0,0
938100001745,insufficient_funds,879.99,66,3,wallet,ott,1,1,1
938100001746,bank_decline,6055.79,34,4,upi,saas,1,1,0
938100001747,insufficient_funds,1113.6,26,5,netbanking,ecommerce,1,0,0
938100001748,expired_card,4088.94,33,0,emandate,ott,1,0,0
938100001749,bank_decline,1767.72,39,3,card,fitness,1,1,0
938100001750,bank_decline,1184.65,38,5,netbanking,ecommerce,1,1,1
938100001751,bank_decline,467.64,72,4,card,ott,1,1,0
938100001752,insufficient_funds,1264.84,11,0,card,ott,1,0,0
938100001753,bank_decline,1154.26,19,1,netbanking,ecommerce,1,1,0
938100001754,insufficient_funds,681.5,58,5,card,saas,0,0,0
938100001755,insufficient_funds,808.04,39,3,card,fitness,1,0,0
938100001756,mandate_cancelled,3504.67,65,3,emandate,ott,0,0,0
938100001757,insufficient_funds,605.87,35,4,emandate,saas,1,1,0
938100001758,insufficient_funds,1336.02,72,2,wallet,fitness,1,1,0
938100001759,bank_decline,1014.74,72,3,card,ott,1,1,0
938100001760,bank_decline,2626.8,32,4,emandate,ecommerce,1,1,1
938100001761,insufficient_funds,1874.32,12,1,wallet,ott,1,1,0
938100001762,bank_decline,529.66,33,3,emandate,edtech,1,0,0
938100001763,bank_decline,3347.13,46,4,card,saas,0,1,1
938100001764,bank_decline,7011.57,61,5,card,edtech,1,1,0
938100001765,bank_decline,1032.24,33,5,netbanking,fitness,1,1,1
938100001766,mandate_cancelled,4229.3,27,0,emandate,saas,1,0,0
938100001767,expired_card,3058.41,44,3,wallet,ecommerce,1,0,0
938100001768,expired_card,482.34,35,1,netbanking,edtech,1,0,0
938100001769,expired_card,905.13,36,0,upi,fitness,1,0,0
938100001770,bank_decline,2605.22,42,5,emandate,edtech,1,1,1
938100001771,expired_card,3099.79,18,3,netbanking,ecommerce,1,1,0
938100001772,mandate_cancelled,6253.07,33,1,upi,edtech,1,0,0
938100001773,mandate_cancelled,6411.13,46,5,emandate,ott,1,1,0
938100001774,mandate_cancelled,3472.17,13,3,emandate,edtech,1,0,0
938100001775,bank_decline,2697.85,1,0,upi,fitness,0,0,0
938100001776,bank_decline,1732.7,66,2,upi,saas,1,1,0
938100001777,bank_decline,2149.58,42,1,card,fitness,1,1,1
938100001778,insufficient_funds,1190.5,64,4,upi,ott,1,0,0
938100001779,bank_decline,1366.67,27,0,upi,ott,0,1,0
938100001780,insufficient_funds,1437.58,72,5,emandate,ecommerce,1,0,0
938100001781,insufficient_funds,2887.38,34,1,emandate,edtech,1,1,0
938100001782,insufficient_funds,1369.16,32,5,netbanking,fitness,1,0,0
938100001783,insufficient_funds,2168.5,17,1,netbanking,edtech,0,1,0
938100001784,expired_card,1005.74,11,1,card,ott,1,0,0
938100001785,bank_decline,1890.94,37,0,emandate,ecommerce,0,1,0
938100001786,mandate_cancelled,5512.09,12,0,emandate,edtech,1,0,0
938100001787,insufficient_funds,161.53,6,0,netbanking,edtech,0,0,0
938100001788,insufficient_funds,836.59,60,0,emandate,fitness,1,1,1
938100001789,expired_card,1366.14,8,1,emandate,edtech,1,0,0
938100001790,mandate_cancelled,1990.51,54,1,netbanking,ecommerce,1,1,0
938100001791,bank_decline,3087.64,23,2,upi,edtech,1,1,1
938100001792,insufficient_funds,981.46,30,2,netbanking,ott,0,1,1
938100001793,expired_card,2242.21,56,0,wallet,fitness,1,0,0
938100001794,insufficient_funds,536.42,24,0,card,saas,1,1,1
938100001795,mandate_cancelled,1075.03,6,0,emandate,edtech,1,0,0
938100001796,mandate_cancelled,1085.95,6,0,upi,ott,1,0,0
938100001797,bank_decline,691.15,64,4,emandate,ecommerce,1,1,0
938100001798,mandate_cancelled,610.12,72,3,emandate,ott,1,1,1
938100001799,insufficient_funds,1539.9,35,0,card,fitness,1,0,0
938100001800,insufficient_funds,5016.41,45,1,upi,saas,1,1,0
938100001801,expired_card,341.98,51,0,wallet,edtech,0,1,0
938100001802,insufficient_funds,441.26,72,5,emandate,edtech,1,0,0
938100001803,insufficient_funds,385.8,49,1,wallet,saas,0,1,0
938100001804,bank_decline,2997.63,52,1,wallet,fitness,0,1,0
938100001805,bank_decline,1254.03,56,1,emandate,saas,1,1,0
938100001806,bank_decline,960.14,72,5,netbanking,ecommerce,1,1,0
938100001807,insufficient_funds,103.76,24,2,upi,ecommerce,1,0,0
938100001808,bank_decline,1275.81,68,5,wallet,ecommerce,1,1,0
938100001809,bank_decline,790.19,72,5,upi,saas,0,0,0
938100001810,expired_card,2920.45,18,1,emandate,fitness,1,1,0
938100001811,insufficient_funds,1205.39,49,5,upi,edtech,1,0,0
938100001812,insufficient_funds,422.33,72,3,netbanking,edtech,1,0,0
938100001813,bank_decline,439.44,23,4,card,ott,1,1,0
938100001814,bank_decline,1644.05,6,0,card,ott,1,0,0
938100001815,insufficient_funds,1066.5,30,3,netbanking,ecommerce,1,0,0
938100001816,insufficient_funds,1027.89,24,4,upi,ott,1,0,0
938100001817,bank_decline,2426.04,6,0,upi,edtech,0,0,0
938100001818,insufficient_funds,775.35,42,4,card,ecommerce,1,1,0
938100001819,bank_decline,759.1,63,1,upi,ott,0,1,0
938100001820,insufficient_funds,622.38,10,1,emandate,ott,0,1,1
938100001821,insufficient_funds,843.43,64,1,card,saas,0,1,1
938100001822,mandate_cancelled,4703.13,9,0,emandate,edtech,0,0,0
938100001823,insufficient_funds,1326.1,18,1,netbanking,edtech,1,1,1
938100001824,mandate_cancelled,908.88,67,1,upi,fitness,1,0,0
938100001825,bank_decline,2020.07,10,0,wallet,ecommerce,1,1,1
938100001826,bank_decline,3082.59,66,2,upi,saas,1,1,0
938100001827,expired_card,2152.48,20,2,netbanking,saas,0,0,0
938100001828,insufficient_funds,1281.73,41,1,wallet,edtech,0,1,0
938100001829,bank_decline,1283.45,63,3,netbanking,edtech,1,1,1
938100001830,insufficient_funds,1218.26,72,3,upi,saas,1,0,0
938100001831,mandate_cancelled,921.45,22,4,wallet,ecommerce,1,0,0
938100001832,expired_card,2474.77,55,1,netbanking,ott,1,0,0
938100001833,bank_decline,3154.51,24,0,emandate,ott,0,1,0
938100001834,mandate_cancelled,525.2,57,1,wallet,ecommerce,1,0,0
938100001835,bank_decline,973.67,53,5,card,ecommerce,1,1,0
938100001836,bank_decline,5524.22,41,4,card,fitness,1,1,0
938100001837,insufficient_funds,1336.98,60,3,upi,ecommerce,1,0,0
938100001838,insufficient_funds,1978.62,6,0,netbanking,ecommerce,1,0,0
938100001839,bank_decline,1282.01,22,3,emandate,ecommerce,1,1,1
938100001840,insufficient_funds,410.52,62,5,card,edtech,1,0,0
938100001841,insufficient_funds,1090.78,72,4,emandate,fitness,1,0,0
938100001842,insufficient_funds,1004.07,10,1,upi,fitness,0,0,0
938100001843,expired_card,1750.91,31,1,emandate,saas,1,0,0
938100001844,bank_decline,5210.08,57,3,upi,ott,0,1,1
938100001845,bank_decline,532.16,14,1,card,ott,0,0,0
938100001846,expired_card,1013.73,21,2,wallet,ecommerce,1,0,0
938100001847,insufficient_funds,2003.19,50,2,card,ecommerce,1,1,0
938100001848,insufficient_funds,1060.92,40,4,emandate,ott,1,0,0
938100001849,bank_decline,166.54,64,4,netbanking,ott,1,0,0
938100001850,expired_card,731.4,31,5,upi,fitness,1,1,0
938100001851,insufficient_funds,737.14,34,0,wallet,ott,1,1,1
938100001852,bank_decline,2586.8,72,3,card,saas,1,1,0
938100001853,mandate_cancelled,1131.67,59,2,upi,ott,0,0,0
938100001854,mandate_cancelled,1739.38,12,0,card,ott,0,0,0
938100001855,bank_decline,2237.62,33,3,netbanking,edtech,1,1,0
938100001856,expired_card,5249.71,57,3,emandate,edtech,1,0,0
938100001857,bank_decline,3994.99,19,3,netbanking,edtech,1,1,0
938100001858,bank_decline,2843.39,36,0,card,edtech,0,0,0
938100001859,expired_card,1021.48,36,5,upi,saas,1,1,0
938100001860,bank_decline,3671.37,52,5,upi,ecommerce,1,1,0
938100001861,insufficient_funds,983.63,22,2,wallet,edtech,1,1,0
938100001862,bank_decline,2095.77,72,5,netbanking,ecommerce,0,1,0
938100001863,insufficient_funds,435.36,17,2,card,fitness,1,0,0
938100001864,mandate_cancelled,4870.35,58,0,card,edtech,1,0,0
938100001865,insufficient_funds,1294.55,41,4,wallet,edtech,0,0,0
938100001866,bank_decline,2887.83,63,3,upi,ecommerce,0,1,1
938100001867,expired_card,2449.1,21,3,card,ecommerce,0,0,0
938100001868,insufficient_funds,5689.14,68,1,netbanking,edtech,1,0,0
938100001869,insufficient_funds,1262.12,71,5,upi,edtech,1,1,0
938100001870,insufficient_funds,898.74,6,0,card,ecommerce,1,1,0
938100001871,bank_decline,917.85,58,2,emandate,saas,1,1,1
938100001872,mandate_cancelled,1332.67,12,0,wallet,edtech,1,0,0
938100001873,insufficient_funds,1255.72,43,5,netbanking,saas,1,0,0
938100001874,insufficient_funds,716.11,44,4,wallet,edtech,1,0,0
938100001875,insufficient_funds,1541.5,60,3,card,saas,1,0,0
938100001876,expired_card,3788.56,12,2,upi,saas,1,1,0
938100001877,bank_decline,660.15,72,5,card,ecommerce,1,1,0
938100001878,expired_card,836.62,36,0,card,edtech,1,1,0
938100001879,insufficient_funds,910.19,41,4,emandate,ott,1,0,0
938100001880,bank_decline,1534.32,72,5,wallet,edtech,1,1,0
938100001881,bank_decline,817.26,33,3,wallet,ecommerce,1,1,0
938100001882,insufficient_funds,594.23,48,0,wallet,edtech,1,1,1
938100001883,mandate_cancelled,845.67,24,0,upi,edtech,0,1,0
938100001884,expired_card,1525.95,17,3,card,ecommerce,1,0,0
938100001885,mandate_cancelled,623.56,34,1,netbanking,ecommerce,1,0,0
938100001886,insufficient_funds,298.57,6,1,upi,ott,1,0,0
938100001887,bank_decline,6607.91,72,4,upi,edtech,0,1,0
938100001888,expired_card,270.21,29,0,card,edtech,1,1,0
938100001889,mandate_cancelled,709.66,17,3,netbanking,ott,0,1,0
938100001890,insufficient_funds,4834.85,43,1,netbanking,fitness,0,1,0
938100001891,bank_decline,910.58,23,2,wallet,saas,1,1,1
938100001892,bank_decline,1067.31,21,3,upi,fitness,1,1,0
938100001893,insufficient_funds,299.09,72,5,emandate,ecommerce,1,0,0
938100001894,expired_card,1867.35,44,2,netbanking,ott,1,1,0
938100001895,mandate_cancelled,6097.55,36,1,wallet,edtech,1,0,0
938100001896,insufficient_funds,1155.07,60,0,emandate,ott,0,1,0
938100001897,mandate_cancelled,5507.67,14,1,card,edtech,1,0,0
938100001898,insufficient_funds,1492.11,48,1,netbanking,ecommerce,1,0,0
938100001899,mandate_cancelled,562.38,72,2,wallet,ecommerce,1,0,0
938100001900,insufficient_funds,3254.28,27,1,upi,ott,1,1,1
938100001901,bank_decline,1331.03,12,0,emandate,ott,0,0,0
938100001902,insufficient_funds,903.79,72,5,emandate,edtech,0,0,0
938100001903,insufficient_funds,1010.7,61,3,wallet,edtech,0,0,0
938100001904,insufficient_funds,608.48,72,4,wallet,edtech,1,1,1
938100001905,expired_card,728.06,36,0,upi,saas,1,0,0
938100001906,expired_card,3780.79,48,0,netbanking,edtech,1,0,0
938100001907,expired_card,468.95,70,2,wallet,fitness,1,1,0
938100001908,bank_decline,2513.71,21,5,upi,edtech,0,1,1
938100001909,expired_card,750.34,23,0,upi,edtech,1,0,0
938100001910,insufficient_funds,671.48,12,0,card,saas,1,1,1
938100001911,mandate_cancelled,867.37,12,0,emandate,ott,1,0,0
938100001912,mandate_cancelled,1802.51,60,0,wallet,saas,1,0,0
938100001913,expired_card,1959.17,10,1,netbanking,ecommerce,1,1,0
938100001914,mandate_cancelled,915.51,27,3,wallet,ott,1,0,0
938100001915,mandate_cancelled,2236.12,14,0,emandate,ott,1,0,0
938100001916,insufficient_funds,11903.14,48,0,card,ott,1,1,0
938100001917,bank_decline,1286.33,52,4,emandate,fitness,1,1,0
938100001918,bank_decline,192.48,41,1,upi,saas,1,1,1
938100001919,bank_decline,984.66,72,5,netbanking,ecommerce,1,1,0
938100001920,insufficient_funds,2219.05,6,1,wallet,ott,1,1,0
938100001921,mandate_cancelled,224.75,58,1,emandate,edtech,1,0,0
938100001922,insufficient_funds,1204.25,27,3,upi,ott,1,0,0
938100001923,expired_card,1047.68,68,1,wallet,edtech,0,0,0
938100001924,bank_decline,391.17,45,1,netbanking,edtech,1,0,0
938100001925,insufficient_funds,1519.85,72,4,emandate,fitness,1,0,0
938100001926,bank_decline,1358.35,69,5,emandate,fitness,1,1,0
938100001927,bank_decline,7100.23,48,3,wallet,ecommerce,1,0,0
938100001928,insufficient_funds,665.08,72,3,upi,fitness,1,0,0
938100001929,insufficient_funds,525.62,68,3,wallet,fitness,1,0,0
938100001930,insufficient_funds,658.52,72,3,emandate,saas,1,1,0
938100001931,insufficient_funds,604.32,68,5,card,ott,1,0,0
938100001932,bank_decline,905.52,6,0,emandate,saas,0,0,0
938100001933,insufficient_funds,2984.27,57,1,card,fitness,1,0,0
938100001934,bank_decline,1398.97,48,4,emandate,ott,1,1,0
938100001935,expired_card,1251.27,44,5,wallet,saas,1,0,0
938100001936,insufficient_funds,1268.69,22,4,card,ott,1,0,0
938100001937,bank_decline,1253.05,8,1,wallet,ott,0,0,0
938100001938,bank_decline,1616.76,72,3,emandate,saas,0,1,0
938100001939,bank_decline,4798.98,60,3,upi,saas,1,1,0
938100001940,mandate_cancelled,1217.19,3,0,emandate,saas,0,1,0
938100001941,mandate_cancelled,1617.89,24,0,wallet,saas,0,0,0
938100001942,insufficient_funds,1419.03,72,3,wallet,saas,1,0,0
938100001943,expired_card,1168.44,50,2,emandate,ecommerce,1,0,0
938100001944,insufficient_funds,1498.3,55,3,wallet,ott,1,0,0
938100001945,bank_decline,6182.17,33,5,wallet,saas,1,1,1
938100001946,bank_decline,695.93,72,5,wallet,saas,0,1,0
938100001947,bank_decline,460.94,72,5,netbanking,saas,1,1,0
938100001948,insufficient_funds,4353.91,24,0,wallet,saas,1,0,0
938100001949,bank_decline,660.42,19,3,upi,saas,1,1,1
938100001950,bank_decline,783.38,19,0,card,saas,1,0,0
938100001951,expired_card,1872.14,24,0,emandate,edtech,1,0,0
938100001952,mandate_cancelled,1314.67,30,0,netbanking,saas,0,0,0
938100001953,insufficient_funds,2328.55,56,1,wallet,ecommerce,0,0,0
938100001954,mandate_cancelled,4229.8,24,0,upi,ecommerce,1,0,0
938100001955,bank_decline,1111.45,51,3,emandate,fitness,0,1,1
938100001956,insufficient_funds,1116.18,60,0,card,fitness,1,1,0
938100001957,mandate_cancelled,1837.71,21,0,upi,edtech,1,0,0
938100001958,insufficient_funds,1486.79,19,4,emandate,fitness,1,0,0
938100001959,insufficient_funds,144.52,7,0,emandate,edtech,1,0,0
938100001960,bank_decline,960.91,51,0,wallet,ecommerce,0,0,0
938100001961,mandate_cancelled,99,68,1,upi,saas,1,0,0
938100001962,insufficient_funds,6591.6,13,1,upi,ott,1,1,0
938100001963,expired_card,627.49,21,1,emandate,ott,0,0,0
938100001964,mandate_cancelled,1146.95,6,1,wallet,saas,1,0,0
938100001965,expired_card,2772.36,36,3,upi,fitness,1,0,0
938100001966,mandate_cancelled,4525.37,42,2,card,ecommerce,0,0,0
938100001967,bank_decline,767.14,31,4,netbanking,fitness,0,1,0
938100001968,insufficient_funds,1138.89,39,3,card,ecommerce,1,0,0
938100001969,insufficient_funds,11447.09,72,2,netbanking,fitness,0,1,0
938100001970,expired_card,1005.64,13,0,wallet,edtech,1,0,0
938100001971,mandate_cancelled,540.12,28,1,emandate,saas,0,1,0
938100001972,expired_card,918.83,1,0,card,ecommerce,1,0,0
938100001973,mandate_cancelled,3424.98,1,0,emandate,saas,1,0,0
938100001974,expired_card,467.74,2,0,upi,edtech,1,0,0
938100001975,insufficient_funds,972.61,22,4,netbanking,ecommerce,1,1,0
938100001976,mandate_cancelled,1396.93,40,0,netbanking,fitness,1,0,0
938100001977,mandate_cancelled,896.54,72,3,emandate,edtech,0,0,0
938100001978,bank_decline,3375.99,71,4,upi,edtech,1,1,1
938100001979,bank_decline,3147.22,46,1,wallet,edtech,1,1,0
938100001980,mandate_cancelled,3314.09,52,0,card,ecommerce,1,0,0
938100001981,insufficient_funds,188.16,39,3,netbanking,ecommerce,1,0,0
938100001982,bank_decline,1724.16,57,3,upi,edtech,1,0,0
938100001983,insufficient_funds,1174.17,31,3,netbanking,saas,1,0,0
938100001984,bank_decline,1282.53,29,3,wallet,edtech,0,1,0
938100001985,insufficient_funds,226.44,72,3,upi,edtech,1,0,0
938100001986,insufficient_funds,1068.71,56,4,upi,ott,0,0,0
938100001987,expired_card,3861.7,31,0,netbanking,ott,1,0,0
938100001988,insufficient_funds,1364.86,64,1,card,ott,1,0,0
938100001989,insufficient_funds,795.99,60,4,emandate,saas,1,0,0
938100001990,bank_decline,1316.85,21,2,wallet,fitness,1,0,0
938100001991,insufficient_funds,1133.35,71,5,netbanking,fitness,1,0,0
938100001992,bank_decline,459.57,53,0,netbanking,ott,0,0,0
938100001993,expired_card,1863.33,72,4,emandate,ott,1,0,0
938100001994,insufficient_funds,1282.58,71,3,netbanking,ott,1,0,0
938100001995,bank_decline,2141.04,36,5,netbanking,saas,0,0,0
938100001996,insufficient_funds,4663.3,14,0,netbanking,ott,1,0,0
938100001997,bank_decline,2945.41,13,1,netbanking,ecommerce,1,0,0
938100001998,expired_card,1335.77,32,0,upi,ecommerce,0,1,1
938100001999,insufficient_funds,1293.44,56,0,netbanking,saas,1,0,0
